Position,Const,Created,Modified,Description,Title,Original Title,URL,Title Type,IMDb Rating,Runtime (mins),Year,Genres,Num Votes,Release Date,Directors,Your Rating,Date Rated
1,tt0060196,2018-03-13,2018-03-13,,"The Good, the Bad and the Ugly","Il buono, il brutto, il cattivo",https://www.imdb.com/title/tt0060196/,Movie,8.8,178,1966,"Adventure, Drama, Western",887345,1967-12-29,"Sergio Leone",,
2,tt0056172,2018-03-13,2018-03-13,,"Lawrence of Arabia","Lawrence of Arabia",https://www.imdb.com/title/tt0056172/,Movie,8.3,227,1962,"Adventure, Biography, Drama, War",340382,1962-12-16,"David Lean",,
3,tt0093058,2018-03-13,2018-03-13,,"Full Metal Jacket","Full Metal Jacket",https://www.imdb.com/title/tt0093058/,Movie,8.2,116,1987,"Drama, War",847283,1987-07-10,"Stanley Kubrick",,
4,tt0094525,2018-03-13,2018-03-13,,"Poirot","Poirot",https://www.imdb.com/title/tt0094525/,TV Series,8.6,100,1989,"Crime, Drama, Mystery, Thriller",58488,1990-01-18,,,
5,tt0375611,2018-03-17,2018-03-17,,"Black","Black",https://www.imdb.com/title/tt0375611/,Movie,8.1,122,2005,"Drama",37441,2005-02-04,"Sanjay Leela Bhansali",,
6,tt0306414,2018-06-10,2018-06-10,,"The Wire","The Wire",https://www.imdb.com/title/tt0306414/,TV Series,9.3,60,2002,"Crime, Drama, Thriller",428002,2002-06-02,,,
7,tt6317068,2018-06-12,2018-06-12,,"Final Space","Final Space",https://www.imdb.com/title/tt6317068/,TV Series,8.2,30,2018,"Animation, Action, Adventure, Comedy, Drama, Fantasy, Sci-Fi",51037,2018-02-26,,,
8,tt2278388,2018-06-17,2018-06-17,,"The Grand Budapest Hotel","The Grand Budapest Hotel",https://www.imdb.com/title/tt2278388/,Movie,8.1,99,2014,"Comedy, Drama",963949,2014-03-28,"Wes Anderson",,
9,tt2278871,2018-06-17,2018-06-17,,"Blue Is the Warmest Colour","La vie d'Adèle",https://www.imdb.com/title/tt2278871/,Movie,7.6,180,2013,"Drama, Romance",172660,2013-10-09,"Abdellatif Kechiche",,
10,tt0103359,2018-07-07,2018-07-07,,"Batman: The Animated Series","Batman: The Animated Series",https://www.imdb.com/title/tt0103359/,TV Series,9.0,23,1992,"Animation, Action, Adventure, Crime, Family, Mystery, Sci-Fi",136224,1992-09-05,,,
11,tt1355642,2018-07-07,2018-07-07,,"Fullmetal Alchemist: Brotherhood","Hagane no renkinjutsushi",https://www.imdb.com/title/tt1355642/,TV Series,9.1,24,2009,"Animation, Action, Adventure, Comedy, Drama, Fantasy, Sci-Fi",244823,2009-04-09,,,
12,tt1340800,2018-10-03,2018-10-03,,"Tinker Tailor Soldier Spy","Tinker Tailor Soldier Spy",https://www.imdb.com/title/tt1340800/,Movie,7.0,127,2011,"Drama, Mystery, Thriller",225579,2012-01-06,"Tomas Alfredson",,
13,tt1502407,2018-12-20,2018-12-20,,"Halloween","Halloween",https://www.imdb.com/title/tt1502407/,Movie,6.5,106,2018,"Crime, Drama, Horror, Thriller",186043,2018-10-19,"David Gordon Green",,
14,tt0083866,2018-12-20,2018-12-20,,"E.T. the Extra-Terrestrial","E.T. the Extra-Terrestrial",https://www.imdb.com/title/tt0083866/,Movie,7.9,115,1982,"Adventure, Family, Sci-Fi",469739,1982-06-11,"Steven Spielberg",,
15,tt0086541,2019-01-23,2019-01-23,,"Videodrome","Videodrome",https://www.imdb.com/title/tt0086541/,Movie,7.2,87,1983,"Drama, Horror, Sci-Fi, Thriller",112356,1983-02-04,"David Cronenberg",,
16,tt0141842,2019-02-27,2019-02-27,,"The Sopranos","The Sopranos",https://www.imdb.com/title/tt0141842/,TV Series,9.2,55,1999,"Crime, Drama",572499,1999-01-10,,,
17,tt0118421,2019-02-27,2019-02-27,,"Oz","Oz",https://www.imdb.com/title/tt0118421/,TV Series,8.7,60,1997,"Crime, Drama, Thriller",116348,1997-07-12,,,
18,tt7946422,2019-07-20,2019-07-20,,"Prospect","Prospect",https://www.imdb.com/title/tt7946422/,Movie,6.3,100,2018,"Adventure, Drama, Sci-Fi, Thriller",40139,2018-11-02,"Christopher Caldwell, Zeek Earl",,
19,tt5726616,2019-09-08,2019-09-08,,"Call Me by Your Name","Call Me by Your Name",https://www.imdb.com/title/tt5726616/,Movie,7.8,132,2017,"Drama, Romance",356502,2018-01-19,"Luca Guadagnino",,
20,tt0043014,2019-10-09,2019-10-09,,"Sunset Boulevard","Sunset Blvd.",https://www.imdb.com/title/tt0043014/,Movie,8.4,110,1950,"Drama, Film-Noir",260040,1950-08-04,"Billy Wilder",,
21,tt0851578,2019-12-03,2019-12-03,,"Paprika","Papurika",https://www.imdb.com/title/tt0851578/,Movie,7.7,90,2006,"Animation, Drama, Fantasy, Mystery, Sci-Fi, Thriller",111319,2007-06-22,"Satoshi Kon",,
22,tt2576852,2019-12-03,2019-12-03,,"The Tale of The Princess Kaguya","Kaguya-hime no monogatari",https://www.imdb.com/title/tt2576852/,Movie,8.0,137,2013,"Animation, Drama, Family, Fantasy, Romance",61389,2013-11-23,"Isao Takahata",,
23,tt8134186,2020-03-12,2020-03-12,,"Devs","Devs",https://www.imdb.com/title/tt8134186/,TV Mini Series,7.6,51,2020,"Drama, Mystery, Sci-Fi, Thriller",56854,2020-03-05,,,
24,tt1977895,2020-05-11,2020-05-11,,"Resolution","Resolution",https://www.imdb.com/title/tt1977895/,Movie,6.4,93,2012,"Drama, Horror, Mystery, Thriller",21574,2013-01-23,"Justin Benson, Aaron Moorhead",,
25,tt0113957,2020-05-25,2020-05-25,,"The Net","The Net",https://www.imdb.com/title/tt0113957/,Movie,6.0,114,1995,"Action, Crime, Drama, Mystery, Thriller",79440,1995-07-28,"Irwin Winkler",,
26,tt1480656,2020-06-10,2020-06-10,,"Cosmopolis","Cosmopolis",https://www.imdb.com/title/tt1480656/,Movie,5.1,109,2012,"Crime, Drama, Mystery, Thriller",52041,2012-05-25,"David Cronenberg",,
27,tt0964517,2020-07-19,2020-07-19,,"The Fighter","The Fighter",https://www.imdb.com/title/tt0964517/,Movie,7.8,116,2010,"Action, Biography, Drama, Sport",406766,2010-12-17,"David O. Russell",,
28,tt0237572,2020-10-29,2020-10-29,,"The Pledge","The Pledge",https://www.imdb.com/title/tt0237572/,Movie,6.7,124,2001,"Crime, Drama, Mystery, Thriller",76932,2001-01-19,"Sean Penn",,
29,tt0128332,2020-11-16,2020-11-16,,"Innocence","Masumiyet",https://www.imdb.com/title/tt0128332/,Movie,8.0,110,1997,"Drama",22670,1997-10-24,"Zeki Demirkubuz",,
30,tt0287803,2020-11-16,2020-11-16,,"Fate","Yazgi",https://www.imdb.com/title/tt0287803/,Movie,7.5,119,2001,"Drama",8509,2001-11-09,"Zeki Demirkubuz",,
31,tt1961675,2020-11-16,2020-11-16,,"Inside","Yeralti",https://www.imdb.com/title/tt1961675/,Movie,7.1,107,2012,"Drama",12001,2012-04-13,"Zeki Demirkubuz",,
32,tt0346094,2020-11-16,2020-11-16,,"Distant","Uzak",https://www.imdb.com/title/tt0346094/,Movie,7.5,110,2002,"Comedy, Drama",24605,2002-12-20,"Nuri Bilge Ceylan",,
33,tt2106671,2020-11-16,2020-11-16,,"Beyond the Hill","Tepenin Ardi",https://www.imdb.com/title/tt2106671/,Movie,7.1,94,2012,"Drama",4259,2012-12-14,"Emin Alper",,
34,tt9418878,2020-11-16,2020-11-16,,"A Tale of Three Sisters","Kiz Kardesler",https://www.imdb.com/title/tt9418878/,Movie,7.4,108,2019,"Drama",5238,2019-09-13,"Emin Alper",,
35,tt11232670,2020-11-16,2020-11-16,,"Alef","Alef",https://www.imdb.com/title/tt11232670/,TV Series,7.8,60,2020,"Action, Crime, Drama, Mystery, Thriller",9292,2025-07-22,,,
36,tt5723272,2020-11-16,2020-11-16,,"In the Fade","Aus dem Nichts",https://www.imdb.com/title/tt5723272/,Movie,7.1,106,2017,"Crime, Drama, Mystery, Thriller",37666,2017-12-27,"Fatih Akin",,
37,tt0347048,2020-11-16,2020-11-16,,"Head-On","Gegen die Wand",https://www.imdb.com/title/tt0347048/,Movie,7.8,121,2004,"Drama, Romance",60632,2004-03-11,"Fatih Akin",,
38,tt1244668,2020-11-16,2020-11-16,,"Soul Kitchen","Soul Kitchen",https://www.imdb.com/title/tt1244668/,Movie,7.2,96,2009,"Comedy, Drama",42531,2009-12-24,"Fatih Akin",,
39,tt0084934,2020-11-17,2020-11-17,,"Yol","Yol",https://www.imdb.com/title/tt0084934/,Movie,7.9,107,1982,"Drama",15391,1999-02-12,"Serif Gören",,
40,tt0993842,2020-11-25,2020-11-25,,"Hanna","Hanna",https://www.imdb.com/title/tt0993842/,Movie,6.7,111,2011,"Action, Adventure, Drama, Thriller",214478,2011-04-08,"Joe Wright",,
41,tt0120669,2020-12-26,2020-12-26,,"Fear and Loathing in Las Vegas","Fear and Loathing in Las Vegas",https://www.imdb.com/title/tt0120669/,Movie,7.4,118,1998,"Adventure, Comedy, Drama",318373,1998-05-22,"Terry Gilliam",,
42,tt0047034,2021-02-07,2021-02-07,,"Godzilla","Gojira",https://www.imdb.com/title/tt0047034/,Movie,7.6,96,1954,"Horror, Sci-Fi",45046,2004-05-07,"Ishirô Honda",,
43,tt0113187,2021-02-07,2021-02-07,,"Godzilla vs. Destoroyah","Gojira vs. Desutoroiâ",https://www.imdb.com/title/tt0113187/,Movie,6.9,103,1995,"Action, Drama, Horror, Sci-Fi",8482,1995-12-09,"Takao Okawara, Ishirô Honda, Kôji Hashimoto, Shûe Matsubayashi, Kenshô Yamashita, Kazuki Ômori",,
44,tt6515910,2021-03-08,2021-03-08,,"The Kindness of Strangers","The Kindness of Strangers",https://www.imdb.com/title/tt6515910/,Movie,6.6,112,2019,"Drama",5571,2020-02-14,"Lone Scherfig",,
45,tt7131720,2021-09-11,2021-09-11,,"Kakegurui","Kakegurui",https://www.imdb.com/title/tt7131720/,TV Series,7.1,24,2017,"Animation, Drama, Mystery, Thriller",16982,2018-02-01,,,
46,tt9359796,2022-01-03,2022-01-03,,"Blade Runner: Black Lotus","Blade Runner: Black Lotus",https://www.imdb.com/title/tt9359796/,TV Series,6.4,,2021,"Animation, Action, Drama, Mystery, Sci-Fi, Thriller",3935,2021-11-14,,,
47,tt0090563,2022-01-03,2022-01-03,,"Betty Blue","37°2 le matin",https://www.imdb.com/title/tt0090563/,Movie,7.3,119,1986,"Drama, Romance",24934,1986-11-07,"Jean-Jacques Beineix",,
48,tt0082933,2022-01-03,2022-01-03,,"Possession","Possession",https://www.imdb.com/title/tt0082933/,Movie,7.2,124,1981,"Drama, Horror",56062,1983-10-28,"Andrzej Zulawski",,
49,tt0062229,2022-01-03,2022-01-03,,"Le Samouraï","Le samouraï",https://www.imdb.com/title/tt0062229/,Movie,8.0,101,1967,"Crime, Drama, Thriller",65399,1967-10-25,"Jean-Pierre Melville",,
50,tt9335498,2022-01-03,2022-01-03,,"Demon Slayer: Kimetsu no Yaiba","Kimetsu no Yaiba",https://www.imdb.com/title/tt9335498/,TV Series,8.6,24,2019,"Animation, Action, Adventure, Fantasy, Thriller",221256,2021-01-22,,,
51,tt10944760,2022-01-03,2022-01-03,,"Titane","Titane",https://www.imdb.com/title/tt10944760/,Movie,6.4,108,2021,"Drama, Horror, Sci-Fi, Thriller",65710,2021-10-01,"Julia Ducournau",,
52,tt2718492,2022-01-03,2022-01-03,,"Ida","Ida",https://www.imdb.com/title/tt2718492/,Movie,7.4,82,2013,"Drama",62962,2013-10-25,"Pawel Pawlikowski",,
53,tt10795658,2022-01-03,2022-01-03,,"Alice in Borderland","Imawa no Kuni no Arisu",https://www.imdb.com/title/tt10795658/,TV Series,7.8,50,2020,"Action, Drama, Horror, Mystery, Sci-Fi, Thriller",145064,2020-12-10,,,
54,tt1457767,2022-01-03,2022-01-03,,"The Conjuring","The Conjuring",https://www.imdb.com/title/tt1457767/,Movie,7.5,112,2013,"Horror, Mystery, Thriller",618394,2013-07-19,"James Wan",,
55,tt0082096,2022-01-03,2022-01-03,,"Das Boot","Das Boot",https://www.imdb.com/title/tt0082096/,Movie,8.3,149,1981,"Drama, War",286928,1982-02-10,"Wolfgang Petersen",,
56,tt0060959,2022-01-03,2022-01-03,,"Daisies","Sedmikrásky",https://www.imdb.com/title/tt0060959/,Movie,7.2,75,1966,"Comedy",17487,1966-12-30,"Vera Chytilová",,
57,tt0443680,2022-01-03,2022-01-03,,"The Assassination of Jesse James by the Coward Robert Ford","The Assassination of Jesse James by the Coward Robert Ford",https://www.imdb.com/title/tt0443680/,Movie,7.5,160,2007,"Biography, Crime, Drama, History, Western",203448,2007-10-19,"Andrew Dominik",,
58,tt1483797,2022-01-03,2022-01-03,,"Redline","Redline",https://www.imdb.com/title/tt1483797/,Movie,7.5,102,2009,"Animation, Action, Sci-Fi, Sport",20659,2010-10-09,"Takeshi Koike",,
59,tt7985648,2022-01-03,2022-01-03,,"The Legend of Tomiris","Tomiris",https://www.imdb.com/title/tt7985648/,Movie,6.3,156,2019,"Action, Drama, Fantasy, War",43795,2019-10-01,"Akan Satayev",,
60,tt0986233,2022-01-03,2022-01-03,,"Hunger","Hunger",https://www.imdb.com/title/tt0986233/,Movie,7.5,96,2008,"Biography, Crime, Drama, Thriller",76375,2008-10-31,"Steve McQueen",,
61,tt9243804,2022-01-03,2022-01-03,,"The Green Knight","The Green Knight",https://www.imdb.com/title/tt9243804/,Movie,6.6,130,2021,"Adventure, Drama, Fantasy",130778,2021-07-30,"David Lowery",,
62,tt0103919,2022-01-03,2022-01-03,,"Candyman","Candyman",https://www.imdb.com/title/tt0103919/,Movie,6.7,99,1992,"Horror, Thriller",109117,1992-10-16,"Bernard Rose",,
63,tt15090124,2022-01-03,2022-01-03,,"Mad God","Mad God",https://www.imdb.com/title/tt15090124/,Movie,6.8,83,2021,"Animation, Fantasy, Horror, Sci-Fi",20264,2022-06-16,"Phil Tippett",,
64,tt10681222,2022-01-03,2022-01-03,,"The Movies That Made Us","The Movies That Made Us",https://www.imdb.com/title/tt10681222/,TV Series,7.6,45,2019,"Documentary",7614,2019-11-29,,,
65,tt0107653,2022-01-03,2022-01-03,,"Naked","Naked",https://www.imdb.com/title/tt0107653/,Movie,7.7,131,1993,"Comedy, Drama",48504,1994-02-04,"Mike Leigh",,
66,tt13616990,2022-01-03,2022-01-03,,"Chainsaw Man","Chainsaw Man",https://www.imdb.com/title/tt13616990/,TV Series,8.3,24,2022,"Animation, Action, Comedy, Fantasy",98882,2022-10-11,,,
67,tt13229934,2022-01-03,2022-01-03,,"Godzilla Singular Point","Gojira shingyura pointo",https://www.imdb.com/title/tt13229934/,TV Mini Series,6.5,24,2021,"Animation, Action, Sci-Fi, Thriller",2599,2021-06-24,,,
68,tt0060472,2022-01-03,2022-01-03,,"Grand Prix","Grand Prix",https://www.imdb.com/title/tt0060472/,Movie,7.2,176,1966,"Drama, Sport",11989,1966-12-21,"John Frankenheimer",,
69,tt1979320,2022-01-03,2022-01-03,,"Rush","Rush",https://www.imdb.com/title/tt1979320/,Movie,8.1,123,2013,"Biography, Drama, Sport",556129,2013-09-27,"Ron Howard",,
70,tt7979580,2022-01-03,2022-01-03,,"The Mitchells vs. the Machines","The Mitchells vs the Machines",https://www.imdb.com/title/tt7979580/,Movie,7.6,114,2021,"Animation, Adventure, Comedy, Family, Sci-Fi",141478,2021-04-30,"Michael Rianda, Jeff Rowe",,
71,tt12809988,2022-01-03,2022-01-03,,"Sweet Tooth","Sweet Tooth",https://www.imdb.com/title/tt12809988/,TV Series,7.7,50,2021,"Action, Adventure, Drama, Fantasy, Sci-Fi",78453,2021-06-04,,,
72,tt1051907,2022-01-03,2022-01-03,,"For Love and Honor","Kabadayi",https://www.imdb.com/title/tt1051907/,Movie,7.8,140,2007,"Crime, Drama",25841,2007-12-14,"Ömer Vargi",,
73,tt0091251,2022-01-03,2022-01-03,,"Come and See","Idi i smotri",https://www.imdb.com/title/tt0091251/,Movie,8.3,142,1985,"Drama, Thriller, War",121414,1985-09-03,"Elem Klimov",,
74,tt9784798,2022-01-03,2022-01-03,,"Judas and the Black Messiah","Judas and the Black Messiah",https://www.imdb.com/title/tt9784798/,Movie,7.4,126,2021,"Biography, Crime, Drama, History",114121,2021-02-12,"Shaka King",,
75,tt0292963,2022-01-03,2022-01-03,,"Before the Devil Knows You're Dead","Before the Devil Knows You're Dead",https://www.imdb.com/title/tt0292963/,Movie,7.3,117,2007,"Crime, Drama, Thriller",121610,2007-10-26,"Sidney Lumet",,
76,tt3532216,2022-01-03,2022-01-03,,"American Made","American Made",https://www.imdb.com/title/tt3532216/,Movie,7.1,115,2017,"Action, Comedy, Crime, Drama, Thriller",231632,2017-09-29,"Doug Liman",,
77,tt5918982,2022-01-03,2022-01-03,,"Possessor","Possessor",https://www.imdb.com/title/tt5918982/,Movie,6.5,103,2020,"Horror, Mystery, Sci-Fi, Thriller",53366,2020-10-02,"Brandon Cronenberg",,
78,tt12838766,2022-01-03,2022-01-03,,"Space Sweepers","Seungriho",https://www.imdb.com/title/tt12838766/,Movie,6.5,136,2021,"Action, Adventure, Drama, Fantasy, Sci-Fi",30981,2021-02-05,"Jo Sung-hee",,
79,tt5037996,2022-01-03,2022-01-03,,"Nausea","Bulanti",https://www.imdb.com/title/tt5037996/,Movie,6.2,112,2015,"Drama",3362,2015-10-02,"Zeki Demirkubuz",,
80,tt5334076,2022-01-03,2022-01-03,,"Inflame","Kaygi",https://www.imdb.com/title/tt5334076/,Movie,6.3,94,2017,"Drama, Thriller",1358,2017-05-12,"Ceylan Özgün Özçelik",,
81,tt0087644,2022-01-03,2022-01-03,,"Love Streams","Love Streams",https://www.imdb.com/title/tt0087644/,Movie,7.6,141,1984,"Drama",7368,1984-08-24,"John Cassavetes",,
82,tt0061578,2022-01-03,2022-01-03,,"The Dirty Dozen","The Dirty Dozen",https://www.imdb.com/title/tt0061578/,Movie,7.7,150,1967,"Action, Adventure, War",83791,1967-10-22,"Robert Aldrich",,
83,tt0070628,2022-01-03,2022-01-03,,"The Hourglass Sanatorium","Sanatorium pod Klepsydra",https://www.imdb.com/title/tt0070628/,Movie,7.4,124,1973,"Drama, Fantasy, Horror",5991,1973-12-12,"Wojciech Has",,
84,tt0092337,2022-01-03,2022-01-03,,"Dekalog","Dekalog",https://www.imdb.com/title/tt0092337/,TV Mini Series,8.9,60,1989,"Drama",34739,1989-12-10,,,
85,tt0092991,2022-01-03,2022-01-03,,"Evil Dead II","Evil Dead II",https://www.imdb.com/title/tt0092991/,Movie,7.7,84,1987,"Comedy, Horror",195404,1987-03-13,"Sam Raimi",,
86,tt0083907,2022-01-03,2022-01-03,,"The Evil Dead","The Evil Dead",https://www.imdb.com/title/tt0083907/,Movie,7.3,85,1981,"Horror",250166,1983-04-15,"Sam Raimi",,
87,tt1602613,2022-01-03,2022-01-03,,"Only God Forgives","Only God Forgives",https://www.imdb.com/title/tt1602613/,Movie,5.7,90,2013,"Action, Crime, Drama, Thriller",122547,2013-05-22,"Nicolas Winding Refn",,
88,tt1974419,2022-01-03,2022-01-03,,"The Neon Demon","The Neon Demon",https://www.imdb.com/title/tt1974419/,Movie,6.1,117,2016,"Horror, Thriller",110555,2016-06-24,"Nicolas Winding Refn",,
89,tt0097444,2022-01-03,2022-01-03,,"Godzilla vs. Biollante","Gojira vs. Biorante",https://www.imdb.com/title/tt0097444/,Movie,6.5,104,1989,"Action, Drama, Fantasy, Horror, Sci-Fi, Thriller",8248,1989-12-16,"Kazuki Ômori, Kôji Hashimoto, Kenjirô Ohmori",,
90,tt0096071,2022-01-03,2022-01-03,,"The Serpent and the Rainbow","The Serpent and the Rainbow",https://www.imdb.com/title/tt0096071/,Movie,6.4,98,1988,"Fantasy, Horror",29601,1988-02-05,"Wes Craven",,
91,tt2708480,2022-01-03,2022-01-03,,"The Terror","The Terror",https://www.imdb.com/title/tt2708480/,TV Series,7.8,60,2018,"Adventure, Drama, Horror, Thriller",60977,2018-03-25,,,
92,tt2822584,2022-01-03,2022-01-03,,"Future Shock! The Story of 2000AD","Future Shock! The Story of 2000AD",https://www.imdb.com/title/tt2822584/,Movie,7.2,110,2014,"Documentary",892,2015-12-04,"Paul Goodwin",,
93,tt9777644,2022-01-03,2022-01-03,,"Da 5 Bloods","Da 5 Bloods",https://www.imdb.com/title/tt9777644/,Movie,6.5,154,2020,"Adventure, Drama, War",57416,2020-06-12,"Spike Lee",,
94,tt0383028,2022-01-03,2022-01-03,,"Synecdoche, New York","Synecdoche, New York",https://www.imdb.com/title/tt0383028/,Movie,7.5,124,2008,"Drama",104228,2009-02-05,"Charlie Kaufman",,
95,tt0120601,2022-01-03,2022-01-03,,"Being John Malkovich","Being John Malkovich",https://www.imdb.com/title/tt0120601/,Movie,7.7,113,1999,"Comedy, Drama, Fantasy",368594,1999-12-03,"Spike Jonze",,
96,tt1209386,2022-01-03,2022-01-03,,"Kaiba","Kaiba",https://www.imdb.com/title/tt1209386/,TV Mini Series,8.0,24,2008,"Animation, Adventure, Drama, Mystery, Romance, Sci-Fi",2269,2008-04-10,,,
97,tt1095442,2022-01-03,2022-01-03,,"Goodbye Solo","Goodbye Solo",https://www.imdb.com/title/tt1095442/,Movie,7.3,91,2008,"Drama",6255,2009-08-26,"Ramin Bahrani",,
98,tt0104029,2022-01-03,2022-01-03,,"Cronos","Cronos",https://www.imdb.com/title/tt0104029/,Movie,6.7,94,1992,"Drama, Fantasy, Horror, Thriller",36216,1994-05,"Guillermo del Toro",,
99,tt7984766,2022-01-03,2022-01-03,,"The King","The King",https://www.imdb.com/title/tt7984766/,Movie,7.3,140,2019,"Biography, Drama, History, War",176537,2019-11-01,"David Michôd",,
100,tt10618286,2022-01-03,2022-01-03,,"Mank","Mank",https://www.imdb.com/title/tt10618286/,Movie,6.8,131,2020,"Biography, Drama",103941,2020-12-04,"David Fincher",,
101,tt2149175,2022-01-03,2022-01-03,,"The Americans","The Americans",https://www.imdb.com/title/tt2149175/,TV Series,8.4,44,2013,"Crime, Drama, Mystery, Thriller",122864,2013-01-30,,,
102,tt1399664,2022-01-03,2022-01-03,,"The Night Manager","The Night Manager",https://www.imdb.com/title/tt1399664/,TV Series,8.0,60,2016,"Crime, Drama, Mystery, Thriller",134859,2016-04-19,,,
103,tt0346491,2022-01-03,2022-01-03,,"Alexander","Alexander",https://www.imdb.com/title/tt0346491/,Movie,5.6,175,2004,"Action, Biography, Drama, History, War",182986,2004-11-24,"Oliver Stone",,
104,tt0332452,2022-01-03,2022-01-03,,"Troy","Troy",https://www.imdb.com/title/tt0332452/,Movie,7.3,163,2004,"Action, Adventure, Drama",612486,2004-05-14,"Wolfgang Petersen",,
105,tt5027774,2022-01-03,2022-01-03,,"Three Billboards Outside Ebbing, Missouri","Three Billboards Outside Ebbing, Missouri",https://www.imdb.com/title/tt5027774/,Movie,8.1,115,2017,"Comedy, Crime, Drama",603706,2017-12-01,"Martin McDonagh",,
106,tt0405159,2022-01-03,2022-01-03,,"Million Dollar Baby","Million Dollar Baby",https://www.imdb.com/title/tt0405159/,Movie,8.1,132,2004,"Drama, Sport",763334,2005-01-28,"Clint Eastwood",,
107,tt0120657,2022-01-03,2022-01-03,,"The 13th Warrior","The 13th Warrior",https://www.imdb.com/title/tt0120657/,Movie,6.6,102,1999,"Action, Adventure, History",138934,1999-08-27,"John McTiernan",,
108,tt8236336,2022-01-03,2022-01-03,,"The Report","The Report",https://www.imdb.com/title/tt8236336/,Movie,7.2,119,2019,"Biography, Crime, Drama, History, Thriller",56402,2019-11-15,"Scott Z. Burns",,
109,tt0096895,2022-01-03,2022-01-03,,"Batman","Batman",https://www.imdb.com/title/tt0096895/,Movie,7.5,126,1989,"Action, Adventure",430651,1989-06-23,"Tim Burton",,
110,tt0078346,2022-01-03,2022-01-03,,"Superman","Superman",https://www.imdb.com/title/tt0078346/,Movie,7.4,143,1978,"Action, Adventure, Sci-Fi",206856,1978-12-15,"Richard Donner",,
111,tt0263211,2022-01-03,2022-01-03,,"The Naked Citizen","Çiplak Vatandas",https://www.imdb.com/title/tt0263211/,Movie,7.5,80,1985,"Comedy, Drama",5351,,"Basar Sabuncu",,
112,tt7740510,2022-01-03,2022-01-03,,"Antlers","Antlers",https://www.imdb.com/title/tt7740510/,Movie,5.9,99,2021,"Drama, Horror, Mystery",49382,2021-10-29,"Scott Cooper",,
113,tt2005151,2022-01-03,2022-01-03,,"War Dogs","War Dogs",https://www.imdb.com/title/tt2005151/,Movie,7.1,114,2016,"Biography, Comedy, Crime, Drama, War",295436,2016-08-19,"Todd Phillips",,
114,tt0445114,2022-01-03,2022-01-03,,"Extras","Extras",https://www.imdb.com/title/tt0445114/,TV Series,8.3,30,2005,"Comedy, Drama",63407,2005-09-25,,,
115,tt3592032,2022-01-03,2022-01-03,,"Ping Pong the Animation","Ping Pong the Animation",https://www.imdb.com/title/tt3592032/,TV Mini Series,8.6,23,2014,"Animation, Drama, Sport",6058,2014-04-10,,,
116,tt0298203,2022-01-03,2022-01-03,,"8 Mile","8 Mile",https://www.imdb.com/title/tt0298203/,Movie,7.2,110,2002,"Drama, Music",349755,2002-11-08,"Curtis Hanson",,
117,tt0438488,2022-01-03,2022-01-03,,"Terminator Salvation","Terminator Salvation",https://www.imdb.com/title/tt0438488/,Movie,6.5,115,2009,"Action, Adventure, Sci-Fi",391823,2009-05-21,"McG",,
118,tt8456098,2022-01-03,2022-01-03,,"Karakomik Filmler: 2 Arada","Karakomik Filmler: 2 Arada",https://www.imdb.com/title/tt8456098/,Movie,6.4,60,2019,"Comedy, Drama",14445,2020-08-28,"Cem Yılmaz",,
119,tt1466074,2022-01-03,2022-01-03,,"Columbo","Columbo",https://www.imdb.com/title/tt1466074/,TV Series,8.3,100,1971,"Crime, Drama, Mystery, Thriller",47272,1971-09-15,,,
120,tt2294965,2022-01-03,2022-01-03,,"Zero Charisma","Zero Charisma",https://www.imdb.com/title/tt2294965/,Movie,6.3,86,2013,"Comedy, Drama",2900,2013-10-08,"Katie Graham, Andrew Matthews",,
121,tt6878038,2022-01-03,2022-01-03,,"A Taxi Driver","Taeksi woonjunsa",https://www.imdb.com/title/tt6878038/,Movie,7.9,137,2017,"Action, Drama, History",37644,2017-08-11,"Hun Jang",,
122,tt2614684,2022-01-03,2022-01-03,,"'71","'71",https://www.imdb.com/title/tt2614684/,Movie,7.2,99,2014,"Action, Crime, Drama, Thriller, War",64688,2014-10-10,"Yann Demange",,
123,tt5711280,2022-01-03,2022-01-03,,"Electric Dreams","Electric Dreams",https://www.imdb.com/title/tt5711280/,TV Series,7.2,60,2017,"Drama, Sci-Fi",20313,2018-01-12,,,
124,tt4263482,2022-01-03,2022-01-03,,"The Witch","The VVitch: A New-England Folktale",https://www.imdb.com/title/tt4263482/,Movie,7.0,92,2015,"Drama, Fantasy, Horror, Mystery, Thriller",349398,2016-02-19,"Robert Eggers",,
125,tt7323600,2022-01-03,2022-01-03,,"Hagazussa","Hagazussa",https://www.imdb.com/title/tt7323600/,Movie,5.8,102,2017,"Drama, Horror",8376,2019-04-19,"Lukas Feigelfeld",,
126,tt11639414,2022-01-03,2022-01-03,,"The Midnight Gospel","The Midnight Gospel",https://www.imdb.com/title/tt11639414/,TV Series,8.2,23,2020,"Animation, Adventure, Comedy, Fantasy, Sci-Fi",29462,2020-04-20,,,
127,tt2631186,2022-01-03,2022-01-03,,"Baahubali: The Beginning","Bãhubali: The Beginning",https://www.imdb.com/title/tt2631186/,Movie,8.0,159,2015,"Action, Drama",152830,2015-07-09,"S.S. Rajamouli",,
128,tt0111873,2022-01-03,2022-01-03,,"Æon Flux","Æon Flux",https://www.imdb.com/title/tt0111873/,TV Series,7.8,30,1991,"Animation, Action, Adventure, Sci-Fi, Thriller",7892,1991-06-30,,,
129,tt0108265,2022-01-03,2022-01-03,,"Swing Kids","Swing Kids",https://www.imdb.com/title/tt0108265/,Movie,6.8,112,1993,"Drama, Music",18292,1993-03-05,"Thomas Carter",,
130,tt7078180,2022-01-03,2022-01-03,,"Violet Evergarden","Violet Evergarden",https://www.imdb.com/title/tt7078180/,TV Mini Series,8.4,24,2018,"Animation, Drama, Fantasy, Romance, Sci-Fi",40114,2020-08-22,,,
131,tt5556656,2022-01-03,2022-01-03,,"Kabaneri of the Iron Fortress","Kôtetsujô no Kabaneri",https://www.imdb.com/title/tt5556656/,TV Series,7.2,23,2016,"Animation, Action, Adventure, Drama, Fantasy, Horror",7818,2024-04-07,,,
132,tt4084744,2022-01-03,2022-01-03,,"Battle for Sevastopol","Bitva za Sevastopol",https://www.imdb.com/title/tt4084744/,Movie,7.0,110,2015,"Action, Biography, Drama, History, Romance, War",15236,2015-04-02,"Sergey Mokritskiy",,
133,tt2359704,2022-01-03,2022-01-03,,"JoJo's Bizarre Adventure","JoJo no Kimyô na Bôken",https://www.imdb.com/title/tt2359704/,TV Series,8.5,24,2012,"Animation, Action, Adventure, Comedy, Drama, Fantasy, Horror",51957,2012-10-04,,,
134,tt9806192,2022-01-03,2022-01-03,,"I Lost My Body","J'ai perdu mon corps",https://www.imdb.com/title/tt9806192/,Movie,7.5,81,2019,"Animation, Drama, Fantasy, Romance",38594,2019-11-15,"Jérémy Clapin",,
135,tt11147852,2022-01-03,2022-01-03,,"Dorohedoro","Dorohedoro",https://www.imdb.com/title/tt11147852/,TV Series,8.0,25,2020,"Animation, Action, Comedy, Fantasy, Horror, Sci-Fi",14704,2020-05-28,,,
136,tt8526872,2022-01-03,2022-01-03,,"Dolemite Is My Name","Dolemite Is My Name",https://www.imdb.com/title/tt8526872/,Movie,7.2,118,2019,"Biography, Comedy, Drama",67959,2019-10-25,"Craig Brewer",,
137,tt0120863,2022-01-03,2022-01-03,,"The Thin Red Line","The Thin Red Line",https://www.imdb.com/title/tt0120863/,Movie,7.6,170,1998,"Drama, History, War",212168,1999-01-15,"Terrence Malick",,
138,tt1063669,2022-01-03,2022-01-03,,"The Wave","Die Welle",https://www.imdb.com/title/tt1063669/,Movie,7.6,107,2008,"Drama, Thriller",121257,2011-05-27,"Dennis Gansel",,
139,tt6304046,2022-01-03,2022-01-03,,"Thelma","Thelma",https://www.imdb.com/title/tt6304046/,Movie,6.9,116,2017,"Drama, Fantasy, Horror, Mystery, Romance, Thriller",39518,2017-09-15,"Joachim Trier",,
140,tt0114148,2022-01-03,2022-01-03,,"Pocahontas","Pocahontas",https://www.imdb.com/title/tt0114148/,Movie,6.7,81,1995,"Animation, Adventure, Drama, Family, Musical, Romance",216674,1995-06-23,"Mike Gabriel, Eric Goldberg",,
141,tt0033467,2022-01-03,2022-01-03,,"Citizen Kane","Citizen Kane",https://www.imdb.com/title/tt0033467/,Movie,8.2,119,1941,"Drama, Mystery",492256,1941-09-05,"Orson Welles",,
142,tt0421357,2022-01-03,2022-01-03,,"Fullmetal Alchemist","Hagane no renkinjutsushi",https://www.imdb.com/title/tt0421357/,TV Series,8.5,24,2003,"Animation, Action, Adventure, Comedy, Drama, Fantasy, Sci-Fi",85697,2004-11-06,,,
143,tt0303461,2022-01-03,2022-01-03,,"Firefly","Firefly",https://www.imdb.com/title/tt0303461/,TV Series,8.9,45,2002,"Adventure, Drama, Sci-Fi",300523,2002-09-20,,,
144,tt10332508,2022-01-03,2022-01-03,,"Primal","Primal",https://www.imdb.com/title/tt10332508/,TV Series,8.6,22,2019,"Animation, Action, Adventure, Drama, Fantasy, Horror",28884,2019-10-07,,7,2023-02-20
145,tt7049682,2022-01-03,2022-01-03,,"Watchmen","Watchmen",https://www.imdb.com/title/tt7049682/,TV Mini Series,8.2,60,2019,"Crime, Drama, Mystery, Sci-Fi",145282,2019-10-20,,,
146,tt0154506,2022-01-03,2022-01-03,,"Following","Following",https://www.imdb.com/title/tt0154506/,Movie,7.4,69,1998,"Crime, Mystery, Thriller",109761,1999-11-05,"Christopher Nolan",,
147,tt0125664,2022-01-03,2022-01-03,,"Man on the Moon","Man on the Moon",https://www.imdb.com/title/tt0125664/,Movie,7.4,118,1999,"Biography, Comedy, Drama",143170,1999-12-22,"Milos Forman",,
148,tt1305806,2022-01-03,2022-01-03,,"The Secret in Their Eyes","El secreto de sus ojos",https://www.imdb.com/title/tt1305806/,Movie,8.2,129,2009,"Drama, Mystery, Romance, Thriller",241029,2010-05-21,"Juan José Campanella",,
149,tt0098327,2022-01-03,2022-01-03,,"The Seventh Continent","Der siebente Kontinent",https://www.imdb.com/title/tt0098327/,Movie,7.6,108,1989,"Drama",18946,1992-10-09,"Michael Haneke",,
150,tt1437358,2022-01-03,2022-01-03,,"Sleep Tight","Mientras duermes",https://www.imdb.com/title/tt1437358/,Movie,7.2,102,2011,"Crime, Drama, Thriller",49684,2011-10-14,"Jaume Balagueró",,
151,tt0057187,2022-01-03,2022-01-03,,"Irma la Douce","Irma la Douce",https://www.imdb.com/title/tt0057187/,Movie,7.3,147,1963,"Comedy, Romance",23982,1963-07-05,"Billy Wilder",,
152,tt11612120,2022-01-03,2022-01-03,,"Sweet Home","Seuwiteuhom",https://www.imdb.com/title/tt11612120/,TV Series,7.2,52,2020,"Drama, Fantasy, Horror, Thriller",41582,2020-12-18,,,
153,tt0095327,2022-01-03,2022-01-03,,"Grave of the Fireflies","Hotaru no haka",https://www.imdb.com/title/tt0095327/,Movie,8.5,88,1988,"Animation, Drama, War",380659,1989-07-26,"Isao Takahata",,
154,tt8399288,2022-01-04,2022-01-04,,"Memoria","Memoria",https://www.imdb.com/title/tt8399288/,Movie,6.4,136,2021,"Drama, Mystery, Sci-Fi",12717,2021-09-30,"Apichatpong Weerasethakul",,
155,tt0042876,2022-01-10,2022-01-10,,"Rashomon","Rashômon",https://www.imdb.com/title/tt0042876/,Movie,8.1,88,1950,"Crime, Drama, Mystery",195671,1951-12-26,"Akira Kurosawa",,
156,tt10986222,2022-01-10,2022-01-10,,"C'mon C'mon","C'mon C'mon",https://www.imdb.com/title/tt10986222/,Movie,7.3,109,2021,"Drama",42606,2021-11-24,"Mike Mills",,
157,tt4288182,2022-01-23,2022-01-23,,"Atlanta","Atlanta",https://www.imdb.com/title/tt4288182/,TV Series,8.6,30,2016,"Comedy, Drama, Music",97966,2016-09-06,,,
158,tt1714915,2022-01-27,2022-01-27,,"Only Lovers Left Alive","Only Lovers Left Alive",https://www.imdb.com/title/tt1714915/,Movie,7.2,123,2013,"Comedy, Drama, Fantasy, Horror, Romance",115198,2013-12-25,"Jim Jarmusch",,
159,tt14134550,2022-01-31,2022-01-31,,"Odd Taxi","Odd Taxi",https://www.imdb.com/title/tt14134550/,TV Series,8.3,23,2021,"Animation, Comedy, Crime, Drama, Mystery, Thriller",7647,2021-04-06,,,
160,tt0109836,2022-02-12,2022-02-12,,"Frankenstein","Mary Shelley's Frankenstein",https://www.imdb.com/title/tt0109836/,Movie,6.3,123,1994,"Drama, Horror, Romance, Sci-Fi",63595,1994-11-04,"Kenneth Branagh",,
161,tt0109688,2022-02-18,2022-02-18,,"Ashes of Time","Dung che sai duk",https://www.imdb.com/title/tt0109688/,Movie,7.0,100,1994,"Action, Drama",18190,1994-09-17,"Wong Kar-Wai",,
162,tt10574236,2022-02-25,2022-02-25,,"Station Eleven","Station Eleven",https://www.imdb.com/title/tt10574236/,TV Mini Series,7.5,51,2021,"Adventure, Drama, Fantasy, Mystery, Sci-Fi, Thriller",42202,2021-12-16,,,
163,tt13409432,2022-02-25,2022-02-25,,"Ranking of Kings","Ousama Ranking",https://www.imdb.com/title/tt13409432/,TV Series,8.4,23,2021,"Animation, Action, Adventure, Comedy, Drama, Fantasy",15554,2021,,,
164,tt0090315,2022-03-15,2022-03-15,,"When the Wind Blows","When the Wind Blows",https://www.imdb.com/title/tt0090315/,Movie,7.7,84,1986,"Animation, Drama, War",14599,1988-03-11,"Jimmy T. Murakami",,
165,tt0090163,2022-03-15,2022-03-15,,"Threads","Threads",https://www.imdb.com/title/tt0090163/,TV Movie,7.9,112,1984,"Drama, Sci-Fi, Thriller",27273,1984-09-23,"Mick Jackson",,
166,tt14192504,2022-03-22,2022-03-22,,"We Own This City","We Own This City",https://www.imdb.com/title/tt14192504/,TV Mini Series,7.6,60,2022,"Biography, Crime, Drama",32404,2022-04-25,,,
167,tt13464340,2022-03-29,2022-03-29,,"Alien Worlds","Alien Worlds",https://www.imdb.com/title/tt13464340/,TV Series,6.6,,2020,"Documentary, Animation, Sci-Fi",4529,2020-12-02,,,
168,tt2245084,2022-04-07,2022-04-07,,"Big Hero 6","Big Hero 6",https://www.imdb.com/title/tt2245084/,Movie,7.8,102,2014,"Animation, Action, Adventure, Comedy, Crime, Family, Sci-Fi",550254,2014-11-07,"Don Hall, Chris Williams",,
169,tt2387433,2022-04-11,2022-04-11,,"Dark Skies","Dark Skies",https://www.imdb.com/title/tt2387433/,Movie,6.3,97,2013,"Horror, Sci-Fi, Thriller",84642,2013-02-22,"Scott Stewart",,
170,tt1017460,2022-04-11,2022-04-11,,"Splice","Splice",https://www.imdb.com/title/tt1017460/,Movie,5.8,104,2009,"Horror, Sci-Fi",106254,2010-06-04,"Vincenzo Natali",,
171,tt0117381,2022-04-16,2022-04-16,,"Primal Fear","Primal Fear",https://www.imdb.com/title/tt0117381/,Movie,7.7,129,1996,"Crime, Drama, Mystery, Thriller",280749,1996-04-03,"Gregory Hoblit",,
172,tt0307901,2022-04-16,2022-04-16,,"25th Hour","25th Hour",https://www.imdb.com/title/tt0307901/,Movie,7.6,135,2002,"Drama",191179,2003-01-10,"Spike Lee",,
173,tt0411477,2022-04-16,2022-04-16,,"Hellboy II: The Golden Army","Hellboy II: The Golden Army",https://www.imdb.com/title/tt0411477/,Movie,7.0,120,2008,"Action, Adventure, Fantasy, Horror, Sci-Fi",298211,2008-07-11,"Guillermo del Toro",,
174,tt0167190,2022-04-16,2022-04-16,,"Hellboy","Hellboy",https://www.imdb.com/title/tt0167190/,Movie,6.9,122,2004,"Action, Adventure, Fantasy, Horror, Sci-Fi",369467,2004-04-02,"Guillermo del Toro",,
175,tt1139797,2022-04-17,2022-04-17,,"Let the Right One In","Låt den rätte komma in",https://www.imdb.com/title/tt1139797/,Movie,7.8,114,2008,"Drama, Fantasy, Horror, Romance",239220,2008-12-12,"Tomas Alfredson",,
176,tt0120663,2022-04-17,2022-04-17,,"Eyes Wide Shut","Eyes Wide Shut",https://www.imdb.com/title/tt0120663/,Movie,7.5,159,1999,"Drama, Mystery, Thriller",425337,1999-07-16,"Stanley Kubrick",,
177,tt0052357,2022-04-17,2022-04-17,,"Vertigo","Vertigo",https://www.imdb.com/title/tt0052357/,Movie,8.2,128,1958,"Mystery, Romance, Thriller",457738,1958-05-28,"Alfred Hitchcock",,
178,tt0253474,2022-04-17,2022-04-17,,"The Pianist","The Pianist",https://www.imdb.com/title/tt0253474/,Movie,8.5,150,2002,"Biography, Drama, Music, War",1006561,2003-03-28,"Roman Polanski",,
179,tt0081398,2022-04-17,2022-04-17,,"Raging Bull","Raging Bull",https://www.imdb.com/title/tt0081398/,Movie,8.1,129,1980,"Biography, Drama, Sport",408802,1980-12-19,"Martin Scorsese",,
180,tt0089881,2022-04-17,2022-04-17,,"Ran","Ran",https://www.imdb.com/title/tt0089881/,Movie,8.2,160,1985,"Action, Drama, War",151034,1985-06-01,"Akira Kurosawa",,
181,tt0079944,2022-04-17,2022-04-17,,"Stalker","Stalker",https://www.imdb.com/title/tt0079944/,Movie,8.0,162,1979,"Drama, Sci-Fi",156096,1980-04-17,"Andrei Tarkovsky",,
182,tt0097814,2022-04-17,2022-04-17,,"Kiki's Delivery Service","Majo no takkyûbin",https://www.imdb.com/title/tt0097814/,Movie,7.8,103,1989,"Animation, Family, Fantasy",186523,1990-12-20,"Hayao Miyazaki",,
183,tt0092965,2022-04-17,2022-04-17,,"Empire of the Sun","Empire of the Sun",https://www.imdb.com/title/tt0092965/,Movie,7.7,153,1987,"Drama, War",142302,1987-12-25,"Steven Spielberg",,
184,tt0056058,2022-04-17,2022-04-17,,"Harakiri","Seppuku",https://www.imdb.com/title/tt0056058/,Movie,8.6,133,1962,"Drama, Mystery",90022,1964-08-04,"Masaki Kobayashi",,
185,tt0027977,2022-04-17,2022-04-17,,"Modern Times","Modern Times",https://www.imdb.com/title/tt0027977/,Movie,8.5,87,1936,"Comedy, Drama, Romance",284294,1936-02-25,"Charles Chaplin",,
186,tt0245429,2022-04-17,2022-04-17,,"Spirited Away","Sen to Chihiro no kamikakushi",https://www.imdb.com/title/tt0245429/,Movie,8.6,124,2001,"Animation, Adventure, Family, Fantasy",959630,2003-03-28,"Hayao Miyazaki",,
187,tt0347149,2022-04-17,2022-04-17,,"Howl's Moving Castle","Hauru no ugoku shiro",https://www.imdb.com/title/tt0347149/,Movie,8.2,119,2004,"Animation, Adventure, Family, Fantasy",508211,2005-06-17,"Hayao Miyazaki",,
188,tt0185906,2022-04-17,2022-04-17,,"Band of Brothers","Band of Brothers",https://www.imdb.com/title/tt0185906/,TV Mini Series,9.4,60,2001,"Action, Drama, History, War",589966,2001-09-09,,,
189,tt0075148,2022-04-17,2022-04-17,,"Rocky","Rocky",https://www.imdb.com/title/tt0075148/,Movie,8.1,120,1976,"Drama, Sport",684852,1976-12-03,"John G. Avildsen",,
190,tt0167404,2022-04-17,2022-04-17,,"The Sixth Sense","The Sixth Sense",https://www.imdb.com/title/tt0167404/,Movie,8.2,107,1999,"Drama, Mystery, Thriller",1138373,1999-08-06,"M. Night Shyamalan",,
191,tt0083944,2022-04-18,2022-04-18,,"First Blood","First Blood",https://www.imdb.com/title/tt0083944/,Movie,7.7,93,1982,"Action, Adventure, Thriller",299602,1982-10-22,"Ted Kotcheff",,
192,tt0370263,2022-04-18,2022-04-18,,"Alien vs. Predator","AVP: Alien vs. Predator",https://www.imdb.com/title/tt0370263/,Movie,5.7,101,2004,"Action, Adventure, Horror, Sci-Fi, Thriller",231815,2004-08-13,"Paul W.S. Anderson",,
193,tt0758730,2022-04-18,2022-04-18,,"Aliens vs. Predator: Requiem","AVPR: Aliens vs Predator - Requiem",https://www.imdb.com/title/tt0758730/,Movie,4.6,94,2007,"Action, Horror, Sci-Fi, Thriller",146219,2007-12-25,"Colin Strause, Greg Strause",,
194,tt0120611,2022-04-20,2022-04-20,,"Blade","Blade",https://www.imdb.com/title/tt0120611/,Movie,7.1,120,1998,"Action, Horror, Sci-Fi",328664,1998-08-21,"Stephen Norrington",,
195,tt0116367,2022-04-20,2022-04-20,,"From Dusk Till Dawn","From Dusk Till Dawn",https://www.imdb.com/title/tt0116367/,Movie,7.2,108,1996,"Action, Crime, Horror",368366,1996-01-19,"Robert Rodriguez",,
196,tt0100403,2022-04-20,2022-04-20,,"Predator 2","Predator 2",https://www.imdb.com/title/tt0100403/,Movie,6.3,108,1990,"Action, Horror, Sci-Fi",201077,1990-11-21,"Stephen Hopkins",,
197,tt0093409,2022-04-20,2022-04-20,,"Lethal Weapon","Lethal Weapon",https://www.imdb.com/title/tt0093409/,Movie,7.6,109,1987,"Action, Crime, Thriller",294750,1987-03-06,"Richard Donner",,
198,tt0098936,2022-04-20,2022-04-20,,"Twin Peaks","Twin Peaks",https://www.imdb.com/title/tt0098936/,TV Series,8.7,50,1990,"Crime, Drama, Mystery, Thriller",244504,1990-04-08,,,
199,tt1109624,2022-04-21,2022-04-21,,"Paddington","Paddington",https://www.imdb.com/title/tt1109624/,Movie,7.3,95,2014,"Adventure, Comedy, Family, Fantasy",155407,2015-01-16,"Paul King",,
200,tt4468740,2022-04-21,2022-04-21,,"Paddington 2","Paddington 2",https://www.imdb.com/title/tt4468740/,Movie,7.8,103,2017,"Adventure, Comedy, Family",113041,2018-01-12,"Paul King",,
201,tt0085959,2022-04-22,2022-04-22,,"Monty Python's the Meaning of Life","The Meaning of Life",https://www.imdb.com/title/tt0085959/,Movie,7.5,107,1983,"Comedy, Musical",129728,1983-03-31,"Terry Jones",,
202,tt0095705,2022-04-22,2022-04-22,,"The Naked Gun: From the Files of Police Squad!","The Naked Gun: From the Files of Police Squad!",https://www.imdb.com/title/tt0095705/,Movie,7.6,85,1988,"Comedy, Crime",220717,1988-12-02,"David Zucker",,
203,tt18344706,2022-04-22,2022-04-22,,"In the eye of the storm: the political odyssey of Yanis Varoufakis","In the eye of the storm: the political odyssey of Yanis Varoufakis",https://www.imdb.com/title/tt18344706/,TV Mini Series,9.2,,2022,"Documentary",139,2024-02-12,,,
204,tt5691552,2022-04-25,2022-04-25,,"The Orville","The Orville",https://www.imdb.com/title/tt5691552/,TV Series,8.0,45,2017,"Adventure, Comedy, Sci-Fi",108463,2017-09-10,,,
205,tt0113824,2022-04-27,2022-04-27,,"Whisper of the Heart","Mimi o sumaseba",https://www.imdb.com/title/tt0113824/,Movie,7.8,111,1995,"Animation, Drama, Family, Romance",82469,1996-12-13,"Yoshifumi Kondô",,
206,tt5247022,2022-04-28,2022-04-28,,"Paterson","Paterson",https://www.imdb.com/title/tt5247022/,Movie,7.3,118,2016,"Comedy, Drama, Romance",95136,2016-12-28,"Jim Jarmusch",,
207,tt0084726,2022-04-29,2022-04-29,,"Star Trek II: The Wrath of Khan","Star Trek II: The Wrath of Khan",https://www.imdb.com/title/tt0084726/,Movie,7.7,113,1982,"Action, Adventure, Sci-Fi",135363,1982-06-04,"Nicholas Meyer",,
208,tt3235888,2022-05-01,2022-05-01,,"It Follows","It Follows",https://www.imdb.com/title/tt3235888/,Movie,6.8,100,2014,"Horror, Mystery, Thriller",297124,2015-03-13,"David Robert Mitchell",,
209,tt0106308,2022-05-09,2022-05-09,,"Army of Darkness","Army of Darkness",https://www.imdb.com/title/tt0106308/,Movie,7.4,81,1992,"Comedy, Horror",207668,1993-02-19,"Sam Raimi",,
210,tt0099365,2022-05-09,2022-05-09,,"Darkman","Darkman",https://www.imdb.com/title/tt0099365/,Movie,6.4,96,1990,"Action, Sci-Fi, Thriller",74528,1990-08-24,"Sam Raimi",,
211,tt0318871,2022-05-09,2022-05-09,,"Berserk","Kenpuu Denki Berserk",https://www.imdb.com/title/tt0318871/,TV Series,8.7,23,1997,"Animation, Action, Adventure, Drama, Fantasy, Horror, Romance",76807,2002-05-28,,,
212,tt0203082,2022-05-21,2022-05-21,,"Rurouni Kenshin: Trust & Betrayal","Rurôni Kenshin: Meiji kenkaku romantan - Tsuioku-hen",https://www.imdb.com/title/tt0203082/,TV Mini Series,8.6,30,1999,"Animation, Action, Adventure, Drama, History, Romance",18000,2000-08-22,,,
213,tt9561862,2022-05-30,2022-05-30,,"Love, Death & Robots","Love, Death & Robots",https://www.imdb.com/title/tt9561862/,TV Series,8.4,15,2019,"Animation, Short, Action, Adventure, Comedy, Drama, Fantasy, Horror, Mystery, Sci-Fi, Thriller",228028,2019-03-15,,7,2019-03-18
214,tt0071315,2022-06-25,2022-06-25,,"Chinatown","Chinatown",https://www.imdb.com/title/tt0071315/,Movie,8.1,130,1974,"Drama, Mystery, Thriller",375593,1974-06-20,"Roman Polanski",,
215,tt4574334,2022-06-28,2022-06-28,,"Stranger Things","Stranger Things",https://www.imdb.com/title/tt4574334/,TV Series,8.6,60,2016,"Drama, Fantasy, Horror, Mystery, Sci-Fi, Thriller",1682207,2016-07-15,,,
216,tt0458290,2022-07-01,2022-07-01,,"Star Wars: The Clone Wars","Star Wars: The Clone Wars",https://www.imdb.com/title/tt0458290/,TV Series,8.5,23,2008,"Animation, Action, Adventure, Drama, Fantasy, Sci-Fi",142131,2008-10-03,,,
217,tt2930604,2022-07-01,2022-07-01,,"Star Wars: Rebels","Star Wars Rebels",https://www.imdb.com/title/tt2930604/,TV Series,8.1,22,2014,"Animation, Action, Adventure, Family, Fantasy, Sci-Fi",67911,2014-09-26,,,
218,tt8178634,2022-07-02,2022-07-02,,"RRR","RRR (Rise Roar Revolt)",https://www.imdb.com/title/tt8178634/,Movie,7.8,187,2022,"Action, Adventure, Drama",202190,2022-03-25,"S.S. Rajamouli",,
219,tt9074574,2022-07-21,2022-07-21,,"Dogs Don't Wear Pants","Koirat eivät käytä housuja",https://www.imdb.com/title/tt9074574/,Movie,6.7,105,2019,"Drama, Romance",7999,2020-09-22,"J.-P. Valkeapää",,
220,tt6333060,2022-07-26,2022-07-26,,"Icarus","Icarus",https://www.imdb.com/title/tt6333060/,Movie,7.9,120,2017,"Documentary, Sport",57934,2017-08-04,"Bryan Fogel",,
221,tt1219827,2022-07-27,2022-07-27,,"Ghost in the Shell","Ghost in the Shell",https://www.imdb.com/title/tt1219827/,Movie,6.3,107,2017,"Action, Crime, Drama, Mystery, Sci-Fi, Thriller",238906,2017-03-31,"Rupert Sanders",,
222,tt9288848,2022-08-09,2022-08-09,,"Pacific Rim: The Black","Pacific Rim",https://www.imdb.com/title/tt9288848/,TV Series,7.0,24,2021,"Animation, Action, Adventure, Sci-Fi",6823,2021-03-04,,,
223,tt2557478,2022-08-09,2022-08-09,,"Pacific Rim: Uprising","Pacific Rim: Uprising",https://www.imdb.com/title/tt2557478/,Movie,5.6,111,2018,"Action, Adventure, Sci-Fi",136509,2018-03-23,"Steven S. DeKnight",,
224,tt11138512,2022-08-10,2022-08-10,,"The Northman","The Northman",https://www.imdb.com/title/tt11138512/,Movie,7.0,137,2022,"Action, Adventure, Drama, Fantasy, History, Thriller",297231,2022-04-22,"Robert Eggers",,
225,tt2331066,2022-08-10,2022-08-10,,"The Horde","Orda",https://www.imdb.com/title/tt2331066/,Movie,6.2,129,2012,"Biography, Drama, History",1153,2012-09-20,"Andrey Proshkin",,
226,tt0361862,2022-08-12,2022-08-12,,"The Machinist","The Machinist",https://www.imdb.com/title/tt0361862/,Movie,7.6,101,2004,"Drama, Thriller",440172,2004-12-03,"Brad Anderson",,
227,tt0118789,2022-08-12,2022-08-12,,"Buffalo '66","Buffalo '66",https://www.imdb.com/title/tt0118789/,Movie,7.4,110,1998,"Comedy, Drama, Romance",67165,1998-06-26,"Vincent Gallo",,
228,tt14321752,2022-08-12,2022-08-12,,"Ghost of Tsushima","Ghost of Tsushima",https://www.imdb.com/title/tt14321752/,Movie,,,,"Action, Adventure, Drama, History, War",0,,,,
229,tt0275277,2022-08-14,2022-08-14,,"Cowboy Bebop: The Movie - Knockin' on Heaven's Door","Kaubôi Bibappu Tengoku no Tobira",https://www.imdb.com/title/tt0275277/,Movie,7.8,115,2001,"Animation, Action, Crime, Drama, Sci-Fi",57093,2003-05-16,"Shin'ichirô Watanabe, Yoshiyuki Takei",,
230,tt7658402,2022-08-15,2022-08-15,,"Harley Quinn","Harley Quinn",https://www.imdb.com/title/tt7658402/,TV Series,8.4,23,2019,"Animation, Action, Adventure, Comedy, Crime, Drama, Fantasy, Mystery, Romance, Sci-Fi, Thriller",42913,2019-11-29,,,
231,tt0064541,2022-08-21,2022-08-21,,"Kes","Kes",https://www.imdb.com/title/tt0064541/,Movie,7.9,111,1969,"Drama, Family",25629,1970-04-03,"Ken Loach",,
232,tt0112384,2022-08-26,2022-08-26,,"Apollo 13","Apollo 13",https://www.imdb.com/title/tt0112384/,Movie,7.7,140,1995,"Adventure, Drama, History",335008,1995-06-30,"Ron Howard",,
233,tt2241351,2022-09-01,2022-09-01,,"Money Monster","Money Monster",https://www.imdb.com/title/tt2241351/,Movie,6.5,98,2016,"Action, Crime, Drama, Mystery, Thriller",111876,2016-05-13,"Jodie Foster",,
234,tt0301199,2022-09-02,2022-09-02,,"Dirty Pretty Things","Dirty Pretty Things",https://www.imdb.com/title/tt0301199/,Movie,7.2,97,2002,"Crime, Drama, Thriller",45494,2003-09-05,"Stephen Frears",,
235,tt0346314,2022-09-03,2022-09-03,,"Ghost in the Shell: Stand Alone Complex","Kôkaku Kidôtai Sutando Arôn Conpurekkusu",https://www.imdb.com/title/tt0346314/,TV Series,8.5,24,2002,"Animation, Action, Crime, Sci-Fi, Thriller",22310,2004-11-07,,,
236,tt1527788,2022-09-03,2022-09-03,,"The Man from Nowhere","Ajeossi",https://www.imdb.com/title/tt1527788/,Movie,7.7,119,2010,"Action, Crime, Drama, Thriller",80125,2010-08-05,"Lee Jeong-beom",,
237,tt0861739,2022-09-03,2022-09-03,,"Elite Squad","Tropa de Elite",https://www.imdb.com/title/tt0861739/,Movie,8.0,115,2007,"Action, Crime, Drama, Thriller",118920,2007-10-12,"José Padilha",,
238,tt1555149,2022-09-03,2022-09-03,,"Elite Squad 2: The Enemy Within","Tropa de Elite 2: O Inimigo Agora é Outro",https://www.imdb.com/title/tt1555149/,Movie,8.0,115,2010,"Crime, Drama, Thriller",91903,2010-10-08,"José Padilha",,
239,tt0414993,2022-09-05,2022-09-05,,"The Fountain","The Fountain",https://www.imdb.com/title/tt0414993/,Movie,7.1,97,2006,"Drama, Mystery, Romance, Sci-Fi",257520,2006-11-22,"Darren Aronofsky",8,2022-09-05
240,tt2393868,2022-09-11,2022-09-11,,"A Haunted Turkish Bathhouse","Bakeneko Toruko furo",https://www.imdb.com/title/tt2393868/,Movie,6.0,81,1975,"Horror",418,1975-01-29,"Kazuhiko Yamaguchi",,
241,tt12590266,2022-09-19,2022-09-19,,"Cyberpunk: Edgerunners","Cyberpunk: Edgerunners",https://www.imdb.com/title/tt12590266/,TV Series,8.3,24,2022,"Animation, Action, Adventure, Crime, Drama, Sci-Fi, Thriller",122946,2022-09-13,,,
242,tt13588944,2022-09-22,2022-09-22,,"Ask, Mark ve Ölüm","Ask, Mark ve Ölüm",https://www.imdb.com/title/tt13588944/,Movie,8.0,96,2022,"Documentary",2061,2022-09-29,"Cem Kaya",,
243,tt22227936,2022-11-14,2022-11-14,,"Gorgeous","Cici",https://www.imdb.com/title/tt22227936/,Movie,7.1,151,2022,"Drama",6561,2022-10-27,"Berkun Oya",,
244,tt0112641,2022-11-21,2022-11-21,,"Casino","Casino",https://www.imdb.com/title/tt0112641/,Movie,8.2,178,1995,"Crime, Drama",615630,1995-11-22,"Martin Scorsese",,
245,tt0254686,2022-11-25,2022-11-25,,"The Piano Teacher","La pianiste",https://www.imdb.com/title/tt0254686/,Movie,7.5,131,2001,"Drama, Music, Romance",80064,2001-08-31,"Michael Haneke",,
246,tt6763664,2022-11-27,2022-11-27,,"The Haunting of Hill House","The Haunting of Hill House",https://www.imdb.com/title/tt6763664/,TV Mini Series,8.5,60,2018,"Drama, Horror, Mystery, Thriller",326219,2018-10-12,,,
247,tt0298130,2022-11-27,2022-11-27,,"The Ring","The Ring",https://www.imdb.com/title/tt0298130/,Movie,7.1,115,2002,"Horror, Mystery",400787,2002-10-18,"Gore Verbinski",,
248,tt0110148,2022-12-03,2022-12-03,,"Interview with the Vampire","Interview with the Vampire: The Vampire Chronicles",https://www.imdb.com/title/tt0110148/,Movie,7.5,123,1994,"Drama, Fantasy, Horror",375036,1994-11-11,"Neil Jordan",,
249,tt8296030,2022-12-10,2022-12-10,,"You Won't Be Alone","You Won't Be Alone",https://www.imdb.com/title/tt8296030/,Movie,6.4,108,2022,"Drama, Fantasy, Horror",13667,2022-05-16,"Goran Stolevski",,
250,tt0436854,2022-12-16,2022-12-16,,"Tulpan","Tulpan",https://www.imdb.com/title/tt0436854/,Movie,7.1,100,2008,"Comedy, Drama",3478,2009-04-09,"Sergei Dvortsevoy",,
251,tt14452776,2022-12-26,2022-12-26,,"The Bear","The Bear",https://www.imdb.com/title/tt14452776/,TV Series,8.5,30,2022,"Comedy, Drama",306138,2022-06-23,,,
252,tt0029339,2022-12-28,2022-12-28,,"The Old Mill","The Old Mill",https://www.imdb.com/title/tt0029339/,Short,7.7,9,1937,"Animation, Short, Comedy, Family, Musical",5397,1937-11-05,"Graham Heid, Wilfred Jackson",,
253,tt0107692,2023-01-03,2023-01-03,,"Ninja Scroll","Jûbê ninpûchô",https://www.imdb.com/title/tt0107692/,Movie,7.8,94,1993,"Animation, Action, Adventure, Fantasy, Thriller",44394,1993-06-05,"Yoshiaki Kawajiri",,
254,tt0087544,2023-01-03,2023-01-03,,"Nausicaä of the Valley of the Wind","Kaze no tani no Naushika",https://www.imdb.com/title/tt0087544/,Movie,8.0,117,1984,"Animation, Adventure, Sci-Fi",196230,1987-11-25,"Hayao Miyazaki",,
255,tt1588170,2023-01-06,2023-01-06,,"I Saw the Devil","Angmareul boatda",https://www.imdb.com/title/tt1588170/,Movie,7.8,144,2010,"Action, Thriller",164242,2010-08-12,"Kim Jee-woon",,
256,tt0094995,2023-01-06,2023-01-06,,"Demon City Shinjuku","Makai toshi (Shinjuku)",https://www.imdb.com/title/tt0094995/,Video,6.3,82,1988,"Animation, Action, Fantasy, Horror",4318,1988-10-25,"Yoshiaki Kawajiri",,
257,tt0216651,2023-01-06,2023-01-06,,"Vampire Hunter D: Bloodlust","Banpaia hantâ D",https://www.imdb.com/title/tt0216651/,Movie,7.7,103,2000,"Animation, Action, Drama, Fantasy, Horror, Romance, Sci-Fi",40957,2001-09-28,"Yoshiaki Kawajiri",,
258,tt0090248,2023-01-06,2023-01-06,,"Vampire Hunter D","Kyûketsuki hantâ D",https://www.imdb.com/title/tt0090248/,Movie,7.0,80,1985,"Animation, Action, Fantasy, Horror, Sci-Fi",20111,1993-03-26,"Toyoo Ashida",,
259,tt12477480,2023-01-06,2023-01-06,,"Decision to Leave","Heojil kyolshim",https://www.imdb.com/title/tt12477480/,Movie,7.3,139,2022,"Crime, Drama, Mystery, Romance, Thriller",68049,2022-10-21,"Park Chan-wook",,
260,tt23950956,2023-01-07,2023-01-07,,"This Place Rules","This Place Rules",https://www.imdb.com/title/tt23950956/,Movie,7.2,82,2022,"Documentary, Crime, History",6867,2022-12-30,"Andrew Callaghan",,
261,tt4003440,2023-01-07,2023-01-07,,"The House That Jack Built","The House That Jack Built",https://www.imdb.com/title/tt4003440/,Movie,6.8,152,2018,"Crime, Drama, Horror",105184,2018-10-17,"Lars von Trier",,
262,tt10231312,2023-01-17,2023-01-17,,"Inside Job","Inside Job",https://www.imdb.com/title/tt10231312/,TV Series,7.7,30,2021,"Animation, Adventure, Comedy, Drama, Fantasy, Sci-Fi",37823,2021-10-22,,,
263,tt2298919,2023-01-21,2023-01-21,,"Lupin the Third: The Woman Called Fujiko Mine","Lupin the Third: Mine Fujiko to iu onna",https://www.imdb.com/title/tt2298919/,TV Mini Series,7.7,20,2012,"Animation, Action, Adventure, Thriller",1125,2012-04-04,,,
264,tt5617712,2023-01-23,2023-01-23,,"Live Die Repeat and Repeat","Live Die Repeat and Repeat",https://www.imdb.com/title/tt5617712/,Movie,,,,"Action, Adventure, Sci-Fi, Thriller",0,,"Doug Liman",,
265,tt1016150,2023-01-23,2023-01-23,,"All Quiet on the Western Front","Im Westen nichts Neues",https://www.imdb.com/title/tt1016150/,Movie,7.8,148,2022,"Drama, History, War",312581,2022-10-28,"Edward Berger",,
266,tt4743408,2023-01-24,2023-01-24,,"Alice + Freda Forever","Alice + Freda Forever",https://www.imdb.com/title/tt4743408/,Movie,,,,"Drama",0,,"Jennifer Kent",,
267,tt1125849,2023-01-26,2023-01-26,,"The Wrestler","The Wrestler",https://www.imdb.com/title/tt1125849/,Movie,7.9,109,2008,"Drama, Sport",330547,2009-01-30,"Darren Aronofsky",,
268,tt3170832,2023-01-28,2023-01-28,,"Room","Room",https://www.imdb.com/title/tt3170832/,Movie,8.1,118,2015,"Drama, Thriller",478579,2016-01-22,"Lenny Abrahamson",,
269,tt0047396,2023-01-28,2023-01-28,,"Rear Window","Rear Window",https://www.imdb.com/title/tt0047396/,Movie,8.5,112,1954,"Drama, Mystery, Thriller",566997,1954-09-01,"Alfred Hitchcock",,
270,tt0046912,2023-01-28,2023-01-28,,"Dial M for Murder","Dial M for Murder",https://www.imdb.com/title/tt0046912/,Movie,8.1,105,1954,"Crime, Drama, Mystery, Thriller",203936,1954-05-29,"Alfred Hitchcock",,
271,tt10855768,2023-01-31,2023-01-31,,"Missing","Missing",https://www.imdb.com/title/tt10855768/,Movie,7.1,111,2023,"Drama, Mystery, Thriller",71277,2023-01-20,"Nicholas D. Johnson, Will Merrick",,
272,tt13287846,2023-02-04,2023-02-04,,"Napoleon","Napoleon",https://www.imdb.com/title/tt13287846/,Movie,6.3,158,2023,"Action, Adventure, Biography, Drama, History, War",184998,2023-11-22,"Ridley Scott",,
273,tt10582690,2023-02-04,2023-02-04,,"Untitled Alien Prequel","Untitled Alien Prequel",https://www.imdb.com/title/tt10582690/,Movie,,,,"Horror, Mystery, Sci-Fi, Thriller",0,,,,
274,tt0088863,2023-02-11,2023-02-11,,"Bubblegum Crisis","Baburugamu kuraishisu",https://www.imdb.com/title/tt0088863/,TV Mini Series,7.3,25,1987,"Animation, Action, Fantasy, Sci-Fi, Thriller",2020,2014-12-10,,,
275,tt14556072,2023-02-16,2023-02-16,,"Invincible: A Lesson for Your Next Life","Invincible: A Lesson for Your Next Life",https://www.imdb.com/title/tt14556072/,TV Episode,8.1,49,2023,"Animation, Action, Adventure, Drama, Fantasy, Sci-Fi, Thriller",13392,2023-11-03,"Sol Choi, Dan Duncan",,
276,tt23218892,2023-02-16,2023-02-16,,"The Sandman: Season of Mists","The Sandman: Season of Mists",https://www.imdb.com/title/tt23218892/,TV Episode,7.3,46,2025,"Drama, Fantasy, Horror, Mystery, Sci-Fi",3069,2025-07-03,"Jamie Childs",,
277,tt0066434,2023-02-18,2023-02-18,,"THX 1138","THX 1138",https://www.imdb.com/title/tt0066434/,Movie,6.6,86,1971,"Drama, Sci-Fi, Thriller",57376,1971-03-11,"George Lucas",,
278,tt6823148,2023-02-21,2023-02-21,,"Benedetta","Benedetta",https://www.imdb.com/title/tt6823148/,Movie,6.7,131,2021,"Biography, Drama, Romance",29528,2021-12-03,"Paul Verhoeven",,
279,tt14949828,2023-02-22,2023-02-22,,"Good Omens: Chapter 1: The Arrival","Good Omens: Chapter 1: The Arrival",https://www.imdb.com/title/tt14949828/,TV Episode,8.0,48,2023,"Comedy, Drama, Fantasy",5069,2023-07-28,"Douglas Mackinnon",,
280,tt0114558,2023-02-23,2023-02-23,,"Strange Days","Strange Days",https://www.imdb.com/title/tt0114558/,Movie,7.2,145,1995,"Crime, Drama, Sci-Fi, Thriller",84725,1995-10-13,"Kathryn Bigelow",,
281,tt0245712,2023-02-26,2023-02-26,,"Amores Perros","Amores perros",https://www.imdb.com/title/tt0245712/,Movie,8.0,154,2000,"Drama, Thriller",271930,2001-04-13,"Alejandro G. Iñárritu",,
282,tt0094964,2023-02-26,2023-02-26,,"Dead Ringers","Dead Ringers",https://www.imdb.com/title/tt0094964/,Movie,7.2,116,1988,"Drama, Horror, Thriller",58607,1988-09-23,"David Cronenberg",,
283,tt18381568,2023-02-26,2023-02-26,,"Tomb Raider","Tomb Raider",https://www.imdb.com/title/tt18381568/,TV Series,,,,"Action, Adventure, Drama, Fantasy, Thriller",0,,,,
284,tt13669038,2023-03-09,2023-03-09,,"Women Talking","Women Talking",https://www.imdb.com/title/tt13669038/,Movie,6.9,104,2022,"Drama",63680,2023-01-27,"Sarah Polley",,
285,tt14209916,2023-03-13,2023-03-13,,"Cocaine Bear","Cocaine Bear",https://www.imdb.com/title/tt14209916/,Movie,5.9,95,2023,"Comedy, Crime, Thriller",125868,2023-02-24,"Elizabeth Banks",,
286,tt5618256,2023-03-16,2023-03-16,,"Manhunt","Manhunt",https://www.imdb.com/title/tt5618256/,TV Series,8.1,,2017,"Biography, Crime, Drama, Thriller",66766,2017-08-01,,,
287,tt0385426,2023-03-19,2023-03-19,,"Initial D: First Stage","Initial D: First Stage",https://www.imdb.com/title/tt0385426/,TV Series,8.5,25,1998,"Animation, Action, Comedy, Drama, Sport",5330,1998-04-19,,,
288,tt2873282,2023-03-27,2023-03-27,,"Red Sparrow","Red Sparrow",https://www.imdb.com/title/tt2873282/,Movie,6.6,140,2018,"Action, Drama, Thriller",216980,2018-03-02,"Francis Lawrence",,
289,tt5177088,2023-04-03,2023-04-03,,"The Girl in the Spider's Web","The Girl in the Spider's Web",https://www.imdb.com/title/tt5177088/,Movie,6.1,115,2018,"Action, Adventure, Crime, Drama, Mystery, Thriller",55341,2018-11-09,"Fede Alvarez",,
290,tt7181546,2023-04-05,2023-04-05,,"Ballerina","Ballerina",https://www.imdb.com/title/tt7181546/,Movie,6.8,124,2025,"Action, Thriller",142850,2025-06-06,"Len Wiseman",,
291,tt1135487,2023-04-11,2023-04-11,,"Duplicity","Duplicity",https://www.imdb.com/title/tt1135487/,Movie,6.1,125,2009,"Comedy, Crime, Romance, Thriller",53779,2009-03-20,"Tony Gilroy",,
292,tt0433035,2023-04-13,2023-04-13,,"Real Steel","Real Steel",https://www.imdb.com/title/tt0433035/,Movie,7.1,127,2011,"Action, Drama, Sci-Fi, Sport",379243,2011-10-07,"Shawn Levy",,
293,tt13345606,2023-04-15,2023-04-15,,"Evil Dead Rise","Evil Dead Rise",https://www.imdb.com/title/tt13345606/,Movie,6.5,96,2023,"Horror",166009,2023-04-21,"Lee Cronin",,
294,tt1024648,2023-04-25,2023-04-25,,"Argo","Argo",https://www.imdb.com/title/tt1024648/,Movie,7.7,120,2012,"Biography, Drama, History, Thriller",664434,2012-10-12,"Ben Affleck",,
295,tt1172049,2023-04-29,2023-04-29,,"Demolition","Demolition",https://www.imdb.com/title/tt1172049/,Movie,7.0,101,2015,"Comedy, Drama",132419,2016-04-08,"Jean-Marc Vallée",,
296,tt16428256,2023-04-29,2023-04-29,,"Suzume","Suzume no Tojimari",https://www.imdb.com/title/tt16428256/,Movie,7.6,122,2022,"Animation, Adventure, Drama, Fantasy",61602,2023-04-14,"Makoto Shinkai",,
297,tt20723374,2023-05-03,2023-05-03,,"Star Wars: Tales of the Jedi","Star Wars: Tales of the Jedi",https://www.imdb.com/title/tt20723374/,TV Mini Series,8.1,15,2022,"Animation, Short, Action, Adventure, Drama, Fantasy, Sci-Fi",43915,2022-10-26,,,
298,tt0160423,2023-05-06,2023-05-06,,"Patlabor: Early Days","Kidô keisatsu patorebâ",https://www.imdb.com/title/tt0160423/,TV Mini Series,7.3,25,1988,"Animation, Action, Comedy, Drama, Sci-Fi",1009,1988-04-25,,,
299,tt7920978,2023-05-23,2023-05-23,,"Persona","Sahsiyet",https://www.imdb.com/title/tt7920978/,TV Series,8.9,60,2018,"Crime, Drama, Mystery, Thriller",56370,2021-12-02,,,
300,tt22876230,2023-05-29,2023-05-29,,"Untitled Adam Sandler/Safdie Brothers Project","Untitled Adam Sandler/Safdie Brothers Project",https://www.imdb.com/title/tt22876230/,Movie,,,,,0,,"Josh Safdie",,
301,tt0230600,2023-06-04,2023-06-04,,"The Others","The Others",https://www.imdb.com/title/tt0230600/,Movie,7.6,104,2001,"Horror, Mystery, Thriller",425121,2001-08-10,"Alejandro Amenábar",,
302,tt2562232,2023-06-04,2023-06-04,,"Birdman or (The Unexpected Virtue of Ignorance)","Birdman or (The Unexpected Virtue of Ignorance)",https://www.imdb.com/title/tt2562232/,Movie,7.7,119,2014,"Comedy, Drama",696229,2014-11-14,"Alejandro G. Iñárritu",,
303,tt0101700,2023-06-06,2023-06-06,,"Delicatessen","Delicatessen",https://www.imdb.com/title/tt0101700/,Movie,7.5,99,1991,"Comedy, Crime",94028,1992-04-03,"Marc Caro, Jean-Pierre Jeunet",,
304,tt2208216,2023-06-06,2023-06-06,,"Vanishing Waves","Aurora",https://www.imdb.com/title/tt2208216/,Movie,5.9,124,2012,"Romance, Sci-Fi, Thriller",2931,2013-03-15,"Kristina Buozyte",,
305,tt2328813,2023-06-06,2023-06-06,,"Hard to Be a God","Trudno byt bogom",https://www.imdb.com/title/tt2328813/,Movie,6.5,177,2013,"Drama, Sci-Fi",6949,2014-02-27,"Aleksei German",,
306,tt1526318,2023-06-11,2023-06-11,,"Borgen","Borgen",https://www.imdb.com/title/tt1526318/,TV Series,8.5,58,2010,"Drama",32406,2011-10-29,,,
307,tt10737918,2023-06-18,2023-06-18,,"Shin Ultraman","Shin Ultraman",https://www.imdb.com/title/tt10737918/,Movie,6.3,112,2022,"Action, Adventure, Drama, Fantasy, Sci-Fi",4866,2022-05-13,"Shinji Higuchi, Ikki Todoroki",,
308,tt1188729,2023-06-20,2023-06-20,,"Pandorum","Pandorum",https://www.imdb.com/title/tt1188729/,Movie,6.7,108,2009,"Action, Horror, Mystery, Sci-Fi, Thriller",167188,2009-09-25,"Christian Alvart",,
309,tt0050976,2023-06-23,2023-06-23,,"The Seventh Seal","Det sjunde inseglet",https://www.imdb.com/title/tt0050976/,Movie,8.1,96,1957,"Drama, Fantasy",215220,1958-10-13,"Ingmar Bergman",,
310,tt4935418,2023-06-26,2023-06-26,,"Baskin","Baskin",https://www.imdb.com/title/tt4935418/,Movie,5.8,97,2015,"Horror, Thriller",14150,2016-01-01,"Can Evrenol",,
311,tt2085059,2023-06-26,2023-06-26,,"Black Mirror","Black Mirror",https://www.imdb.com/title/tt2085059/,TV Series,8.7,60,2011,"Crime, Drama, Mystery, Sci-Fi, Thriller",732673,2011-12-04,,,
312,tt0084503,2023-07-03,2023-07-03,,"Pink Floyd: The Wall","Pink Floyd: The Wall",https://www.imdb.com/title/tt0084503/,Movie,8.0,95,1982,"Drama, Fantasy, Music",89517,1982-09-17,"Alan Parker",,
313,tt4925292,2023-07-04,2023-07-04,,"Lady Bird","Lady Bird",https://www.imdb.com/title/tt4925292/,Movie,7.4,94,2017,"Comedy, Drama",361416,2017-12-01,"Greta Gerwig",,
314,tt3920596,2023-07-07,2023-07-07,,"Big Little Lies","Big Little Lies",https://www.imdb.com/title/tt3920596/,TV Series,8.4,50,2017,"Crime, Drama, Mystery",243600,2017-02-19,,,
315,tt9603212,2023-07-07,2023-07-07,,"Mission: Impossible - Dead Reckoning Part One","Mission: Impossible - Dead Reckoning Part One",https://www.imdb.com/title/tt9603212/,Movie,7.6,163,2023,"Action, Adventure, Thriller",324691,2023-07-12,"Christopher McQuarrie",,
316,tt0286106,2023-07-07,2023-07-07,,"Signs","Signs",https://www.imdb.com/title/tt0286106/,Movie,6.8,106,2002,"Drama, Mystery, Sci-Fi, Thriller",412659,2002-08-02,"M. Night Shyamalan",,
317,tt1486217,2023-07-07,2023-07-07,,"Archer","Archer",https://www.imdb.com/title/tt1486217/,TV Series,8.6,22,2009,"Animation, Action, Comedy",175145,2009-09-17,,,
318,tt11725900,2023-07-08,2023-07-08,,"Karen Pirie","Karen Pirie",https://www.imdb.com/title/tt11725900/,TV Series,7.6,120,2022,"Crime, Drama, Mystery",14086,2022-09-25,,,
319,tt1276419,2023-07-09,2023-07-09,,"A Royal Affair","En kongelig affære",https://www.imdb.com/title/tt1276419/,Movie,7.5,137,2012,"Biography, Drama, History, Romance",53888,2012-03-29,"Nikolaj Arcel",,
320,tt2591814,2023-07-11,2023-07-11,,"The Garden of Words","Kotonoha no niwa",https://www.imdb.com/title/tt2591814/,Movie,7.4,46,2013,"Animation, Drama, Romance",59929,2013-05-31,"Makoto Shinkai",,
321,tt7605074,2023-07-16,2023-07-16,,"The Wandering Earth","Liú Làng Dì Qiú",https://www.imdb.com/title/tt7605074/,Movie,5.9,125,2019,"Action, Adventure, Sci-Fi, Thriller",39233,2019-02-05,"Frant Gwo",,
322,tt13539646,2023-07-16,2023-07-16,,"The Wandering Earth II","Liú Làng Dì Qiú 2",https://www.imdb.com/title/tt13539646/,Movie,6.7,173,2023,"Action, Adventure, Drama, Sci-Fi",16285,2023-01-22,"Frant Gwo",,
323,tt6587046,2023-07-19,2023-07-19,,"The Boy and the Heron","Kimi-tachi wa dô ikiru ka",https://www.imdb.com/title/tt6587046/,Movie,7.3,124,2023,"Animation, Adventure, Drama, Fantasy",124766,2023-12-08,"Hayao Miyazaki",,
324,tt0117571,2023-07-19,2023-07-19,,"Scream","Scream",https://www.imdb.com/title/tt0117571/,Movie,7.4,111,1996,"Horror, Mystery",442411,1996-12-20,"Wes Craven",,
325,tt15222080,2023-07-29,2023-07-29,,"Blue Lock","Burû Rokku",https://www.imdb.com/title/tt15222080/,TV Series,8.1,22,2022,"Animation, Sport, Thriller",30780,2022-10-08,,,
326,tt0251439,2023-07-31,2023-07-31,,"Trigun","Trigun",https://www.imdb.com/title/tt0251439/,TV Series,8.2,24,1998,"Animation, Action, Adventure, Comedy, Drama, Sci-Fi",26328,2003-01,,,
327,tt1490017,2023-07-31,2023-07-31,,"The Lego Movie","The Lego Movie",https://www.imdb.com/title/tt1490017/,Movie,7.7,100,2014,"Animation, Action, Adventure, Comedy, Family, Fantasy, Sci-Fi",413421,2014-02-07,"Phil Lord, Christopher Miller",,
328,tt0089489,2023-08-05,2023-08-05,,"Lifeforce","Lifeforce",https://www.imdb.com/title/tt0089489/,Movie,6.2,101,1985,"Action, Horror, Mystery, Romance, Sci-Fi, Thriller",34184,1985-06-21,"Tobe Hooper",,
329,tt4815122,2023-08-05,2023-08-05,,"Time Trap","Time Trap",https://www.imdb.com/title/tt4815122/,Movie,6.2,87,2017,"Action, Adventure, Mystery, Sci-Fi",49610,2018-11-02,"Mark Dennis, Ben Foster",,
330,tt0086879,2023-08-07,2023-08-07,,"Amadeus","Amadeus",https://www.imdb.com/title/tt0086879/,Movie,8.4,160,1984,"Biography, Drama, Music",465831,1984-09-19,"Milos Forman",,
331,tt8589698,2023-08-08,2023-08-08,,"Teenage Mutant Ninja Turtles: Mutant Mayhem","Teenage Mutant Ninja Turtles: Mutant Mayhem",https://www.imdb.com/title/tt8589698/,Movie,7.2,99,2023,"Animation, Action, Adventure, Comedy, Crime, Family, Fantasy, Sci-Fi",77570,2023-08-02,"Jeff Rowe, Kyler Spears",,
332,tt0076009,2023-08-14,2023-08-14,,"Exorcist II: The Heretic","Exorcist II: The Heretic",https://www.imdb.com/title/tt0076009/,Movie,3.8,117,1977,"Horror",30682,1977-06-17,"John Boorman, Rospo Pallenberg",,
333,tt0067116,2023-08-14,2023-08-14,,"The French Connection","The French Connection",https://www.imdb.com/title/tt0067116/,Movie,7.7,104,1971,"Action, Crime, Drama, Thriller",149831,1971-10-09,"William Friedkin",,
334,tt0098692,2023-08-28,2023-08-28,,"Wicked City","Yôjû toshi",https://www.imdb.com/title/tt0098692/,Movie,6.7,82,1987,"Animation, Action, Fantasy, Horror, Sci-Fi, Thriller",11587,1993-08-20,"Yoshiaki Kawajiri",,
335,tt20764572,2023-09-01,2023-09-01,,"Star Wars: Tales of the Jedi: Justice","Star Wars: Tales of the Jedi: Justice",https://www.imdb.com/title/tt20764572/,TV Episode,8.1,14,2022,"Animation, Short, Action, Adventure, Drama, Fantasy, Sci-Fi",6178,2022-10-26,"Saul Ruiz, Dave Filoni",,
336,tt20764576,2023-09-01,2023-09-01,,"Star Wars: Tales of the Jedi: Choices","Star Wars: Tales of the Jedi: Choices",https://www.imdb.com/title/tt20764576/,TV Episode,8.1,14,2022,"Animation, Short, Action, Adventure, Drama, Fantasy, Sci-Fi",5858,2022-10-26,"Charles Murray",,
337,tt20764574,2023-09-01,2023-09-01,,"Star Wars: Tales of the Jedi: The Sith Lord","Star Wars: Tales of the Jedi: The Sith Lord",https://www.imdb.com/title/tt20764574/,TV Episode,9.2,15,2022,"Animation, Short, Action, Adventure, Drama, Fantasy, Sci-Fi",6881,2022-10-26,"Saul Ruiz",,
338,tt14509110,2023-09-27,2023-09-27,,"No One Will Save You","No One Will Save You",https://www.imdb.com/title/tt14509110/,Movie,6.2,93,2023,"Horror, Mystery, Sci-Fi, Thriller",78640,2023-09-22,"Brian Duffield",,
339,tt7153766,2023-09-29,2023-09-29,,"Unsane","Unsane",https://www.imdb.com/title/tt7153766/,Movie,6.4,98,2018,"Drama, Horror, Mystery, Thriller",53504,2018-03-23,"Steven Soderbergh",,
340,tt0118749,2023-10-01,2023-10-01,,"Boogie Nights","Boogie Nights",https://www.imdb.com/title/tt0118749/,Movie,7.9,155,1997,"Drama",304009,1997-10-31,"Paul Thomas Anderson",,
341,tt1791528,2023-10-01,2023-10-01,,"Inherent Vice","Inherent Vice",https://www.imdb.com/title/tt1791528/,Movie,6.6,148,2014,"Comedy, Crime, Drama, Mystery, Romance",119062,2015-01-09,"Paul Thomas Anderson",,
342,tt0092558,2023-10-02,2023-10-02,,"Motherland Hotel","Anayurt Oteli",https://www.imdb.com/title/tt0092558/,Movie,7.5,101,1987,"Crime, Drama, Thriller",5155,1987-09,"Ömer Kavur",,
343,tt0119177,2023-10-13,2023-10-13,,"Gattaca","Gattaca",https://www.imdb.com/title/tt0119177/,Movie,7.7,106,1997,"Drama, Sci-Fi, Thriller",345439,1997-10-24,"Andrew Niccol",,
344,tt0109830,2023-10-16,2023-10-16,,"Forrest Gump","Forrest Gump",https://www.imdb.com/title/tt0109830/,Movie,8.8,142,1994,"Drama, Romance",2480524,1994-07-06,"Robert Zemeckis",,
345,tt0103939,2023-10-20,2023-10-20,,"Chaplin","Chaplin",https://www.imdb.com/title/tt0103939/,Movie,7.5,143,1992,"Biography, Comedy, Drama",65376,1993-01-08,"Richard Attenborough",,
346,tt26674627,2023-11-02,2023-11-02,,"Resident Evil: Death Island","Baiohazâdo: Desuairando",https://www.imdb.com/title/tt26674627/,Movie,5.7,91,2023,"Animation, Action, Horror, Sci-Fi, Thriller",11224,2023-07-07,"Eiichirô Hasumi",,
347,tt28490044,2023-11-07,2023-11-07,,"Evil Does Not Exist","Aku wa sonzai shinai",https://www.imdb.com/title/tt28490044/,Movie,7.0,106,2023,"Drama",13093,2024-04-26,"Ryûsuke Hamaguchi",,
348,tt0167400,2023-11-11,2023-11-11,,"Time to Love","Sevmek Zamani",https://www.imdb.com/title/tt0167400/,Movie,7.8,91,1965,"Drama, Romance",8693,2023-04-21,"Metin Erksan",,
349,tt0066549,2023-11-28,2023-11-28,,"Waterloo","Waterloo",https://www.imdb.com/title/tt0066549/,Movie,7.3,123,1970,"Action, Biography, Drama, History, War",14368,1970-10-29,"Sergey Bondarchuk",,
350,tt14115912,2023-11-30,2023-11-30,,"Blue Period","Blue Period",https://www.imdb.com/title/tt14115912/,TV Mini Series,7.6,24,2021,"Animation, Drama",4931,2021-09-25,,,
351,tt13963530,2023-12-03,2023-12-03,,"Mobile Suit Gundam Thunderbolt","Mobile Suit Gundam Thunderbolt",https://www.imdb.com/title/tt13963530/,TV Mini Series,7.5,,2015,"Animation, Action, Adventure, Sci-Fi",315,2015-12-11,,,
352,tt14979560,2023-12-06,2023-12-06,,"Shin Ikkitousen","Shin Ikkitousen",https://www.imdb.com/title/tt14979560/,TV Mini Series,6.1,27,2022,"Animation, Action, Comedy, Fantasy",103,2022-05-17,,,
353,tt13651794,2023-12-14,2023-12-14,,"May December","May December",https://www.imdb.com/title/tt13651794/,Movie,6.7,117,2023,"Comedy, Drama",72528,2023-12-01,"Todd Haynes",,
354,tt8291284,2023-12-20,2023-12-20,,"The Peripheral","The Peripheral",https://www.imdb.com/title/tt8291284/,TV Series,7.5,60,2022,"Drama, Mystery, Sci-Fi, Thriller",90665,2022-10-21,,,
355,tt0175880,2023-12-25,2023-12-25,,"Magnolia","Magnolia",https://www.imdb.com/title/tt0175880/,Movie,8.0,188,1999,"Drama",349024,2000-01-07,"Paul Thomas Anderson",,
356,tt0099487,2023-12-25,2023-12-25,,"Edward Scissorhands","Edward Scissorhands",https://www.imdb.com/title/tt0099487/,Movie,7.8,105,1990,"Drama, Fantasy, Romance",562866,1990-12-14,"Tim Burton",,
357,tt3416742,2023-12-25,2023-12-25,,"What We Do in the Shadows","What We Do in the Shadows",https://www.imdb.com/title/tt3416742/,Movie,7.6,86,2014,"Comedy, Horror",212850,2015-02-13,"Jemaine Clement, Taika Waititi",,
358,tt8858472,2023-12-26,2023-12-26,,"Daniel Sloss: Live Shows","Daniel Sloss: Live Shows",https://www.imdb.com/title/tt8858472/,TV Mini Series,8.5,59,2018,"Comedy",4381,2018-09-11,,,
359,tt0079672,2024-01-02,2024-01-02,,"Opening Night","Opening Night",https://www.imdb.com/title/tt0079672/,Movie,7.8,144,1977,"Drama",13952,1978-04-17,"John Cassavetes",,
360,tt0062952,2024-01-02,2024-01-02,,"Faces","Faces",https://www.imdb.com/title/tt0062952/,Movie,7.4,130,1968,"Drama",12698,1968-10-17,"John Cassavetes",,
361,tt0962826,2024-01-05,2024-01-05,,"Black Lagoon","Black Lagoon",https://www.imdb.com/title/tt0962826/,TV Series,7.9,25,2006,"Animation, Action, Adventure, Crime, Drama, Thriller",20951,2006-04-08,,,
362,tt0159097,2024-01-06,2024-01-06,,"The Virgin Suicides","The Virgin Suicides",https://www.imdb.com/title/tt0159097/,Movie,7.2,97,1999,"Drama, Romance",185382,2000-05-19,"Sofia Coppola",,
363,tt4635282,2024-01-06,2024-01-06,,"The OA","The OA",https://www.imdb.com/title/tt4635282/,TV Series,7.8,60,2016,"Drama, Fantasy, Mystery, Sci-Fi",126398,2016-12-16,,,
364,tt23736044,2024-01-09,2024-01-09,,"Monster","Kaibutsu",https://www.imdb.com/title/tt23736044/,Movie,7.8,127,2023,"Drama, Mystery, Thriller",40682,2023-11-22,"Hirokazu Koreeda",,
365,tt21064584,2024-01-09,2024-01-09,,"The Iron Claw","The Iron Claw",https://www.imdb.com/title/tt21064584/,Movie,7.5,132,2023,"Biography, Drama, Sport",117656,2023-12-22,"Sean Durkin",,
366,tt14403178,2024-01-09,2024-01-09,,"Beef","Beef",https://www.imdb.com/title/tt14403178/,TV Series,8.0,30,2023,"Comedy, Drama",161788,2023-04-06,,,
367,tt0118617,2024-01-14,2024-01-14,,"Anastasia","Anastasia",https://www.imdb.com/title/tt0118617/,Movie,7.2,94,1997,"Animation, Adventure, Drama, Family, Fantasy, Musical, Mystery, Romance",146306,1997-11-21,"Don Bluth, Gary Goldman",,
368,tt0299502,2024-01-15,2024-01-15,,"A Madonna in Laleli","Azize: Bir Laleli Hikayesi",https://www.imdb.com/title/tt0299502/,Movie,6.9,82,1999,"Crime, Drama, Thriller",4185,1999-03-12,"Kudret Sabanci",,
369,tt1287878,2024-01-16,2024-01-16,,"Poetry","Si",https://www.imdb.com/title/tt1287878/,Movie,7.8,139,2010,"Drama",14712,2011-02-11,"Lee Chang-dong",,
370,tt0427392,2024-01-26,2024-01-26,,"The Invasion","The Invasion",https://www.imdb.com/title/tt0427392/,Movie,5.9,99,2007,"Sci-Fi, Thriller",87658,2007-08-17,"Oliver Hirschbiegel",,
371,tt11016042,2024-01-30,2024-01-30,,"Ripley","Ripley",https://www.imdb.com/title/tt11016042/,TV Mini Series,8.1,60,2024,"Crime, Drama, Thriller",67297,2024-04-04,,,
372,tt19395018,2024-02-02,2024-02-02,,"Constellation","Constellation",https://www.imdb.com/title/tt19395018/,TV Series,6.7,53,2024,"Sci-Fi, Thriller",21822,2024-02-21,,,
373,tt11680642,2024-02-04,2024-02-04,,"Pantheon","Pantheon",https://www.imdb.com/title/tt11680642/,TV Series,8.5,41,2022,"Animation, Action, Adventure, Drama, Fantasy, Mystery, Sci-Fi, Thriller",21141,2022-09-01,,,
374,tt0310793,2024-02-11,2024-02-11,,"Bowling for Columbine","Bowling for Columbine",https://www.imdb.com/title/tt0310793/,Movie,7.9,120,2002,"Documentary, Crime, Drama",152230,2002-11-15,"Michael Moore",,
375,tt4393514,2024-02-11,2024-02-11,,"Bitter Lake","Bitter Lake",https://www.imdb.com/title/tt4393514/,Movie,8.1,136,2015,"Documentary",3783,2015-01-25,"Adam Curtis",,
376,tt13429870,2024-02-20,2024-02-20,,"Robot Dreams","Robot Dreams",https://www.imdb.com/title/tt13429870/,Movie,7.6,103,2023,"Animation, Comedy, Drama, Family",24394,2024-06-07,"Pablo Berger",,
377,tt29808429,2024-02-21,2024-02-21,,"Color of Victory","Zaferin Rengi",https://www.imdb.com/title/tt29808429/,Movie,6.1,157,2024,"Drama, History, Sport",40508,2024-02-16,"Abdullah Oguz, Bekir Dadas",,
378,tt2872732,2024-02-22,2024-02-22,,"Lucy","Lucy",https://www.imdb.com/title/tt2872732/,Movie,6.4,89,2014,"Action, Sci-Fi, Thriller",575891,2014-07-25,"Luc Besson",,
379,tt0139654,2024-02-22,2024-02-22,,"Training Day","Training Day",https://www.imdb.com/title/tt0139654/,Movie,7.8,122,2001,"Crime, Drama, Thriller",514035,2001-10-05,"Antoine Fuqua",,
380,tt0094226,2024-02-22,2024-02-22,,"The Untouchables","The Untouchables",https://www.imdb.com/title/tt0094226/,Movie,7.8,119,1987,"Crime, Drama, Thriller",352759,1987-06-03,"Brian De Palma",,
381,tt0119008,2024-02-22,2024-02-22,,"Donnie Brasco","Donnie Brasco",https://www.imdb.com/title/tt0119008/,Movie,7.7,127,1997,"Biography, Crime, Drama",354821,1997-02-28,"Mike Newell",,
382,tt0929425,2024-02-22,2024-02-22,,"Gomorrah","Gomorra",https://www.imdb.com/title/tt0929425/,Movie,7.0,137,2008,"Crime, Drama",53082,2009-04-10,"Matteo Garrone",,
383,tt0338564,2024-02-22,2024-02-22,,"Infernal Affairs","Mou gaan dou",https://www.imdb.com/title/tt0338564/,Movie,8.0,101,2002,"Crime, Drama, Mystery, Thriller",137792,2002-12-12,"Wai Keung Lau, Alan Mak",,
384,tt0381940,2024-02-22,2024-02-22,,"Cargo","Cargo",https://www.imdb.com/title/tt0381940/,Movie,6.1,112,2009,"Drama, Mystery, Sci-Fi, Thriller",20562,2013-09-13,"Ivan Engler, Ralph Etter",,
385,tt0069945,2024-02-22,2024-02-22,,"Dark Star","Dark Star",https://www.imdb.com/title/tt0069945/,Movie,6.1,83,1974,"Comedy, Sci-Fi",30138,1975-01-17,"John Carpenter",,
386,tt0082869,2024-02-22,2024-02-22,,"Outland","Outland",https://www.imdb.com/title/tt0082869/,Movie,6.6,109,1981,"Action, Crime, Sci-Fi, Thriller, Western",35233,1981-05-22,"Peter Hyams",,
387,tt0120913,2024-02-22,2024-02-22,,"Titan A.E.","Titan A.E.",https://www.imdb.com/title/tt0120913/,Movie,6.6,94,2000,"Animation, Action, Adventure, Family, Sci-Fi",66498,2000-06-16,"Don Bluth, Gary Goldman",,
388,tt0134847,2024-02-22,2024-02-22,,"Pitch Black","Pitch Black",https://www.imdb.com/title/tt0134847/,Movie,7.0,109,2000,"Horror, Sci-Fi, Thriller",263175,2000-02-18,"David Twohy",,
389,tt1571234,2024-02-22,2024-02-22,,"Mortal Engines","Mortal Engines",https://www.imdb.com/title/tt1571234/,Movie,6.1,128,2018,"Action, Adventure, Fantasy, Sci-Fi, Thriller",152442,2018-12-14,"Christian Rivers",,
390,tt0060827,2024-02-27,2024-02-27,,"Persona","Persona",https://www.imdb.com/title/tt0060827/,Movie,8.0,83,1966,"Drama, Thriller",139937,1967-03-16,"Ingmar Bergman",,
391,tt0050986,2024-02-27,2024-02-27,,"Wild Strawberries","Smultronstället",https://www.imdb.com/title/tt0050986/,Movie,8.1,92,1957,"Drama, Romance",124065,1959-06-22,"Ingmar Bergman",,
392,tt1790885,2024-03-07,2024-03-07,,"Zero Dark Thirty","Zero Dark Thirty",https://www.imdb.com/title/tt1790885/,Movie,7.4,157,2012,"Drama, History, Thriller",340078,2013-01-11,"Kathryn Bigelow",,
393,tt3090670,2024-03-08,2024-03-08,,"Advantageous","Advantageous",https://www.imdb.com/title/tt3090670/,Movie,6.0,90,2015,"Drama, Family, Sci-Fi",6183,2015-06-23,"Jennifer Phang",,
394,tt0091635,2024-03-13,2024-03-13,,"9½ Weeks","Nine 1/2 Weeks",https://www.imdb.com/title/tt0091635/,Movie,5.9,117,1986,"Drama, Romance",46786,1986-02-21,"Adrian Lyne",,
395,tt1895587,2024-03-24,2024-03-24,,"Spotlight","Spotlight",https://www.imdb.com/title/tt1895587/,Movie,8.1,129,2015,"Biography, Crime, Drama",533013,2015-11-20,"Tom McCarthy",,
396,tt16026746,2024-03-26,2024-03-26,,"X-Men '97","X-Men '97",https://www.imdb.com/title/tt16026746/,TV Series,8.7,22,2024,"Animation, Action, Adventure, Drama, Sci-Fi",51883,2024-03-20,,,
397,tt20242042,2024-03-26,2024-03-26,,"Three-Body","San ti",https://www.imdb.com/title/tt20242042/,TV Series,7.6,45,2023,"Drama, Mystery, Sci-Fi, Thriller",8007,2023-01-15,,,
398,tt8785036,2024-03-26,2024-03-26,,"Black Knight","Black Knight",https://www.imdb.com/title/tt8785036/,Movie,,,,"Animation, Action, Adventure, Fantasy",0,,"Genndy Tartakovsky",,
399,tt0278238,2024-03-26,2024-03-26,,"Samurai Jack","Samurai Jack",https://www.imdb.com/title/tt0278238/,TV Series,8.5,23,2001,"Animation, Action, Adventure, Drama, Fantasy, Sci-Fi, Thriller",66246,2001-08-10,,,
400,tt0169547,2024-04-06,2024-04-06,,"American Beauty","American Beauty",https://www.imdb.com/title/tt0169547/,Movie,8.3,122,1999,"Drama",1275927,1999-10-01,"Sam Mendes",,
401,tt0293508,2024-04-06,2024-04-06,,"The Phantom of the Opera","The Phantom of the Opera",https://www.imdb.com/title/tt0293508/,Movie,7.2,143,2004,"Drama, Musical, Romance, Thriller",138002,2005-01-21,"Joel Schumacher",,
402,tt0134273,2024-04-06,2024-04-06,,"8MM","8MM",https://www.imdb.com/title/tt0134273/,Movie,6.6,123,1999,"Crime, Drama, Mystery, Thriller",150903,1999-02-26,"Joel Schumacher",,
403,tt0337921,2024-04-06,2024-04-06,,"Cellular","Cellular",https://www.imdb.com/title/tt0337921/,Movie,6.5,94,2004,"Action, Crime, Thriller",110229,2004-09-10,"David R. Ellis",,
404,tt14642342,2024-04-07,2024-04-07,,"Sonny Boy","Sonny Boy",https://www.imdb.com/title/tt14642342/,TV Series,7.7,,2021,"Animation, Drama, Mystery, Sci-Fi",3064,2022-08-16,,,
405,tt0807832,2024-04-07,2024-04-07,,"Mushi-Shi","Mushishi",https://www.imdb.com/title/tt0807832/,TV Series,8.5,25,2005,"Animation, Drama, Fantasy, Horror, Mystery, Thriller",16095,2005-10-23,,,
406,tt0434706,2024-04-07,2024-04-07,,"Monster","Monster",https://www.imdb.com/title/tt0434706/,TV Series,8.7,24,2004,"Animation, Crime, Drama, Mystery, Thriller",68423,2004-04-06,,,
407,tt3443522,2024-04-07,2024-04-07,,"Mushi-Shi: Next Passage","Mushishi Zoku Shou",https://www.imdb.com/title/tt3443522/,TV Series,8.8,24,2014,"Animation, Drama, Fantasy, Mystery, Thriller",3626,2014-04-04,,,
408,tt1847445,2024-04-07,2024-04-07,,"The Tatami Galaxy","Yojôhan shinwa taikei",https://www.imdb.com/title/tt1847445/,TV Mini Series,8.4,23,2010,"Animation, Comedy, Drama, Mystery, Romance",5733,2010-04-22,,,
409,tt0058625,2024-04-08,2024-04-08,,"Woman in the Dunes","Suna no onna",https://www.imdb.com/title/tt0058625/,Movie,8.4,147,1964,"Drama, Thriller",25302,1964-10-25,"Hiroshi Teshigahara",,
410,tt0083190,2024-04-09,2024-04-09,,"Thief","Thief",https://www.imdb.com/title/tt0083190/,Movie,7.4,123,1981,"Action, Crime, Drama, Thriller",48432,1981-03-27,"Michael Mann",,
411,tt0091474,2024-04-09,2024-04-09,,"Manhunter","Manhunter",https://www.imdb.com/title/tt0091474/,Movie,7.2,120,1986,"Crime, Mystery, Thriller",90920,1986-08-15,"Michael Mann",,
412,tt2717822,2024-04-09,2024-04-09,,"Blackhat","Blackhat",https://www.imdb.com/title/tt2717822/,Movie,5.5,133,2015,"Action, Crime, Thriller",67355,2015-01-16,"Michael Mann",,
413,tt0104691,2024-04-09,2024-04-09,,"The Last of the Mohicans","The Last of the Mohicans",https://www.imdb.com/title/tt0104691/,Movie,7.6,112,1992,"Action, Adventure, Drama, Romance, War",205548,1992-09-25,"Michael Mann",,
414,tt0248667,2024-04-09,2024-04-09,,"Ali","Ali",https://www.imdb.com/title/tt0248667/,Movie,6.7,157,2001,"Biography, Drama, Sport",109981,2001-12-25,"Michael Mann",,
415,tt0430357,2024-04-09,2024-04-09,,"Miami Vice","Miami Vice",https://www.imdb.com/title/tt0430357/,Movie,6.1,132,2006,"Action, Crime, Drama, Thriller",130629,2006-07-28,"Michael Mann",,
416,tt9214772,2024-04-09,2024-04-09,,"Monkey Man","Monkey Man",https://www.imdb.com/title/tt9214772/,Movie,6.8,121,2024,"Action, Crime, Thriller",99245,2024-04-05,"Dev Patel",,
417,tt27489557,2024-04-09,2024-04-09,,"Abigail","Abigail",https://www.imdb.com/title/tt27489557/,Movie,6.5,109,2024,"Action, Comedy, Crime, Drama, Horror, Thriller",116599,2024-04-19,"Matt Bettinelli-Olpin, Tyler Gillett",,
418,tt0405336,2024-04-15,2024-04-15,,"Southland Tales","Southland Tales",https://www.imdb.com/title/tt0405336/,Movie,5.3,145,2006,"Comedy, Drama, Mystery, Sci-Fi, Thriller",42143,2007-12-07,"Richard Kelly",,
419,tt0049189,2024-04-16,2024-04-16,,"...And God Created Woman","Et Dieu... créa la femme",https://www.imdb.com/title/tt0049189/,Movie,6.3,90,1956,"Drama, Romance",10624,1957-10-21,"Roger Vadim",,
420,tt22408160,2024-04-16,2024-04-16,,"Kinds of Kindness","Kinds of Kindness",https://www.imdb.com/title/tt22408160/,Movie,6.4,164,2024,"Comedy, Drama, Horror",70567,2024-07-05,"Yorgos Lanthimos",,
421,tt5960374,2024-04-24,2024-04-24,,"Vox Lux","Vox Lux",https://www.imdb.com/title/tt5960374/,Movie,5.9,114,2018,"Drama, Music",21361,2018-12-20,"Brady Corbet",,
422,tt0205410,2024-04-26,2024-04-26,,"Revolutionary Girl Utena","Shôjo kakumei Utena",https://www.imdb.com/title/tt0205410/,TV Series,8.1,24,1997,"Animation, Comedy, Drama, Fantasy, Romance, Thriller",2416,1997-04-02,,,
423,tt0120647,2024-04-30,2024-04-30,,"Deep Impact","Deep Impact",https://www.imdb.com/title/tt0120647/,Movie,6.3,120,1998,"Action, Drama, Sci-Fi, Thriller",204503,1998-05-08,"Mimi Leder",,
424,tt21148288,2024-05-01,2024-05-01,,"Spacey Unmasked","Spacey Unmasked",https://www.imdb.com/title/tt21148288/,TV Series,5.9,,2024,"Documentary, Biography, Crime",1701,2024-05-13,,,
425,tt1365519,2024-05-23,2024-05-23,,"Tomb Raider","Tomb Raider",https://www.imdb.com/title/tt1365519/,Movie,6.3,119,2018,"Action, Adventure, Fantasy, Thriller",240737,2018-03-16,"Roar Uthaug",,
426,tt0146316,2024-05-23,2024-05-23,,"Lara Croft: Tomb Raider","Lara Croft: Tomb Raider",https://www.imdb.com/title/tt0146316/,Movie,5.8,100,2001,"Action, Adventure, Fantasy, Thriller",230041,2001-06-15,"Simon West",,
427,tt0325703,2024-05-23,2024-05-23,,"Lara Croft: Tomb Raider - The Cradle of Life","Lara Croft: Tomb Raider - The Cradle of Life",https://www.imdb.com/title/tt0325703/,Movie,5.5,117,2003,"Action, Adventure, Fantasy",151354,2003-07-25,"Jan de Bont",,
428,tt2699128,2024-06-04,2024-06-04,,"The Leftovers","The Leftovers",https://www.imdb.com/title/tt2699128/,TV Series,8.3,60,2014,"Drama, Fantasy, Mystery, Thriller",129305,2014-06-29,,,
429,tt0095525,2024-06-05,2024-06-05,,"Gandahar","Gandahar",https://www.imdb.com/title/tt0095525/,Movie,6.9,78,1987,"Animation, Adventure, Fantasy, Sci-Fi",6288,1987-12-11,"René Laloux",,
430,tt0127311,2024-06-08,2024-06-08,,"Somersault in a Coffin","Tabutta Rövasata",https://www.imdb.com/title/tt0127311/,Movie,7.6,76,1996,"Drama",12066,1996-11-15,"Dervis Zaim",,
431,tt1334260,2024-06-18,2024-06-18,,"Never Let Me Go","Never Let Me Go",https://www.imdb.com/title/tt1334260/,Movie,7.1,103,2010,"Drama, Romance",159672,2010-10-15,"Mark Romanek",,
432,tt0111149,2024-06-18,2024-06-18,,"Shallow Grave","Shallow Grave",https://www.imdb.com/title/tt0111149/,Movie,7.2,89,1994,"Crime, Drama, Thriller",70578,1995-02-10,"Danny Boyle",,
433,tt5606664,2024-06-21,2024-06-21,,"Doctor Sleep","Doctor Sleep",https://www.imdb.com/title/tt5606664/,Movie,7.3,152,2019,"Drama, Fantasy, Horror, Thriller",243574,2019-11-08,"Mike Flanagan",,
434,tt2771200,2024-06-21,2024-06-21,,"Beauty and the Beast","Beauty and the Beast",https://www.imdb.com/title/tt2771200/,Movie,7.1,129,2017,"Adventure, Family, Fantasy, Musical, Romance",357260,2017-03-17,"Bill Condon",,
435,tt1494191,2024-06-23,2024-06-23,,"The Untold History of the United States","The Untold History of the United States",https://www.imdb.com/title/tt1494191/,TV Mini Series,8.6,58,2012,"Documentary, History, War",10093,2012-11-12,,,
436,tt21081126,2024-06-23,2024-06-23,,"Time Addicts","Time Addicts",https://www.imdb.com/title/tt21081126/,Movie,5.4,92,2023,"Sci-Fi, Thriller",970,2023-12-07,"Sam Odlum",,
437,tt5040012,2024-06-24,2024-06-24,,"Nosferatu","Nosferatu",https://www.imdb.com/title/tt5040012/,Movie,7.1,132,2024,"Fantasy, Horror, Mystery",262337,2024-12-25,"Robert Eggers",,
438,tt9646562,2024-06-26,2024-06-26,,"Baby Driver 2","Baby Driver 2",https://www.imdb.com/title/tt9646562/,Movie,,,,"Action, Adventure, Comedy, Crime, Drama, Music, Thriller",0,,,,
439,tt1709143,2024-07-01,2024-07-01,,"The Last Days on Mars","The Last Days on Mars",https://www.imdb.com/title/tt1709143/,Movie,5.5,98,2013,"Adventure, Horror, Sci-Fi, Thriller",40630,2013-09-19,"Ruairi Robinson",,
440,tt0114671,2024-07-12,2024-07-12,,"Land and Freedom","Land and Freedom",https://www.imdb.com/title/tt0114671/,Movie,7.5,109,1995,"Drama, War",12819,1996-03-22,"Ken Loach",,
441,tt0091369,2024-07-16,2024-07-16,,"Labyrinth","Labyrinth",https://www.imdb.com/title/tt0091369/,Movie,7.3,101,1986,"Adventure, Family, Fantasy, Musical",163546,1986-06-27,"Jim Henson",,
442,tt0044741,2024-07-19,2024-07-19,,"Ikiru","Ikiru",https://www.imdb.com/title/tt0044741/,Movie,8.3,143,1952,"Drama",101623,1956-03-25,"Akira Kurosawa",,
443,tt0300140,2024-07-20,2024-07-20,,"Lilya 4-Ever","Lilja 4-ever",https://www.imdb.com/title/tt0300140/,Movie,7.8,109,2002,"Crime, Drama",55098,2002-08-23,"Lukas Moodysson",,
444,tt0399201,2024-07-24,2024-07-24,,"The Island","The Island",https://www.imdb.com/title/tt0399201/,Movie,6.8,136,2005,"Action, Sci-Fi, Thriller",341324,2005-07-22,"Michael Bay",,
445,tt1636691,2024-08-14,2024-08-14,,"Generator Rex","Generator Rex",https://www.imdb.com/title/tt1636691/,TV Series,7.6,24,2010,"Animation, Action, Adventure, Comedy, Crime, Drama, Family, Fantasy, Horror, Mystery, Sci-Fi, Thriller",9691,2010-04-23,,,
446,tt0109506,2024-08-25,2024-08-25,,"The Crow","The Crow",https://www.imdb.com/title/tt0109506/,Movie,7.5,102,1994,"Action, Crime, Drama, Fantasy, Horror, Thriller",229920,1994-05-13,"Alex Proyas",,
447,tt15332154,2024-08-26,2024-08-26,,"Shatter Belt","Shatter Belt",https://www.imdb.com/title/tt15332154/,TV Series,6.1,94,2023,"Sci-Fi",212,2024-11-06,,,
448,tt22042346,2024-09-02,2024-09-02,,"2073","2073",https://www.imdb.com/title/tt22042346/,Movie,5.1,85,2024,"Documentary, Sci-Fi, Thriller",4067,2024-12-27,"Asif Kapadia",,
449,tt0072417,2024-09-02,2024-09-02,,"A Woman Under the Influence","A Woman Under the Influence",https://www.imdb.com/title/tt0072417/,Movie,8.0,155,1974,"Drama, Romance",32991,1974-11-18,"John Cassavetes",,
450,tt14407336,2024-09-16,2024-09-16,,"The Beast","La bête",https://www.imdb.com/title/tt14407336/,Movie,6.5,146,2023,"Drama, Romance, Sci-Fi, Thriller",11974,2024-07-28,"Bertrand Bonello",,
451,tt9055008,2024-09-25,2024-09-25,,"Evil","Evil",https://www.imdb.com/title/tt9055008/,TV Series,7.7,45,2019,"Crime, Drama, Horror, Mystery, Thriller",51878,2019-09-26,,,
452,tt0472954,2024-09-28,2024-09-28,,"It's Always Sunny in Philadelphia","It's Always Sunny in Philadelphia",https://www.imdb.com/title/tt0472954/,TV Series,8.8,22,2005,"Comedy",280242,2005-08-04,,,
453,tt1022603,2024-09-30,2024-09-30,,"500 Days of Summer","(500) Days of Summer",https://www.imdb.com/title/tt1022603/,Movie,7.6,95,2009,"Comedy, Drama, Romance",614511,2009-08-07,"Marc Webb",,
454,tt1439629,2024-10-01,2024-10-01,,"Community","Community",https://www.imdb.com/title/tt1439629/,TV Series,8.5,22,2009,"Comedy",310004,2009-09-17,,,
455,tt30217403,2024-10-05,2024-10-05,,"Dandadan","Dandadan",https://www.imdb.com/title/tt30217403/,TV Series,8.3,24,2024,"Animation, Action, Adventure, Comedy, Fantasy, Romance, Sci-Fi, Thriller",52293,2024-09-13,,,
456,tt5607616,2024-10-09,2024-10-09,,"Re: Zero - Starting Life in Another World","Re:Zero kara Hajimeru Isekai Seikatsu",https://www.imdb.com/title/tt5607616/,TV Series,8.1,24,2016,"Animation, Adventure, Drama, Fantasy, Horror, Mystery, Romance, Thriller",39898,2016-04-03,,,
457,tt1798188,2024-10-13,2024-10-13,,"From Up on Poppy Hill","Kokuriko-zaka kara",https://www.imdb.com/title/tt1798188/,Movie,7.4,91,2011,"Animation, Comedy, Drama, Family, History, Romance",58912,2011-07-16,"Gorô Miyazaki",,
458,tt0102587,2024-10-13,2024-10-13,,"Only Yesterday","Omohide poro poro",https://www.imdb.com/title/tt0102587/,Movie,7.6,119,1991,"Animation, Drama, Romance",41965,2016-02-26,"Isao Takahata",,
459,tt6142628,2024-10-13,2024-10-13,,"The Great Passage","Fune wo amu",https://www.imdb.com/title/tt6142628/,TV Series,7.4,22,2016,"Animation, Drama, Romance",594,2016-10-13,,,
460,tt0286751,2024-10-28,2024-10-28,,"Pulse","Kairo",https://www.imdb.com/title/tt0286751/,Movie,6.6,119,2001,"Horror, Mystery, Sci-Fi, Thriller",30853,2005-11-09,"Kiyoshi Kurosawa",,
461,tt0938341,2024-10-28,2024-10-28,,"Tokyo Sonata","Tokyo Sonata",https://www.imdb.com/title/tt0938341/,Movie,7.6,120,2008,"Drama",13748,2008-09-27,"Kiyoshi Kurosawa",,
462,tt32536952,2024-11-12,2024-11-12,,"Like a Dragon: Yakuza","Ryû ga Gotoku ~Beyond the Game~",https://www.imdb.com/title/tt32536952/,TV Mini Series,5.5,45,2024,"Action, Crime, Drama, Mystery, Thriller",2214,2024-10-24,,,
463,tt6537238,2024-12-02,2024-12-02,,"Salyut-7: The True Story of the Soviet 'Apollo 13'","Salyut-7",https://www.imdb.com/title/tt6537238/,Movie,7.2,111,2017,"Adventure, Drama, History, Thriller",12972,2017-10-12,"Klim Shipenko",,
464,tt2649128,2024-12-02,2024-12-02,,"Metro","Metro",https://www.imdb.com/title/tt2649128/,Movie,6.4,133,2013,"Action, Drama, Thriller",8444,2013-02-21,"Anton Megerdichev",,
465,tt1706414,2024-12-02,2024-12-02,,"The Edge","Kray",https://www.imdb.com/title/tt1706414/,Movie,6.5,124,2010,"Adventure, Drama, History, Romance",3328,2010-09-23,"Aleksey Uchitel",,
466,tt3705822,2024-12-02,2024-12-02,,"Moontrap: Target Earth","Moontrap: Target Earth",https://www.imdb.com/title/tt3705822/,Movie,2.8,85,2017,"Action, Adventure, Horror, Sci-Fi",4957,2017-02-07,"Robert Dyke",,
467,tt26753003,2024-12-02,2024-12-02,,"Trap","Trap",https://www.imdb.com/title/tt26753003/,Movie,5.8,105,2024,"Crime, Horror, Mystery, Thriller",162587,2024-08-02,"M. Night Shyamalan",,
468,tt4034354,2024-12-02,2024-12-02,,"Swiss Army Man","Swiss Army Man",https://www.imdb.com/title/tt4034354/,Movie,6.9,97,2016,"Comedy, Drama, Fantasy, Romance",140409,2016-07-01,"Daniel Kwan, Daniel Scheinert",,
469,tt1735485,2024-12-04,2024-12-04,,"The Tunnel","The Tunnel",https://www.imdb.com/title/tt1735485/,Movie,5.8,94,2011,"Horror, Mystery, Thriller",25575,2011-05-19,"Carlo Ledesma",,
470,tt0857297,2024-12-16,2024-12-16,,"Welcome to the N.H.K.","N.H.K ni yôkoso!",https://www.imdb.com/title/tt0857297/,TV Series,8.2,24,2006,"Animation, Comedy, Drama, Romance, Thriller",9820,2017-09-28,,,
471,tt0038650,2024-12-22,2024-12-22,,"It's a Wonderful Life","It's a Wonderful Life",https://www.imdb.com/title/tt0038650/,Movie,8.6,130,1946,"Drama, Family, Fantasy, Romance",552727,1947-01-07,"Frank Capra",,
472,tt3061046,2024-12-24,2024-12-24,,"Steven Universe","Steven Universe",https://www.imdb.com/title/tt3061046/,TV Series,8.1,11,2013,"Animation, Short, Action, Adventure, Comedy, Drama, Family, Fantasy, Musical, Sci-Fi, Thriller",45231,2013-07-27,,,
473,tt0103772,2024-12-28,2024-12-28,,"Basic Instinct","Basic Instinct",https://www.imdb.com/title/tt0103772/,Movie,7.1,127,1992,"Drama, Mystery, Romance, Thriller",241950,1992-03-20,"Paul Verhoeven",,
474,tt0099703,2024-12-29,2024-12-29,,"The Grifters","The Grifters",https://www.imdb.com/title/tt0099703/,Movie,6.8,110,1990,"Crime, Drama, Thriller",33251,1991-01-25,"Stephen Frears",,
475,tt20859464,2025-01-06,2025-01-06,,"The Artifice Girl","The Artifice Girl",https://www.imdb.com/title/tt20859464/,Movie,6.6,93,2022,"Mystery, Sci-Fi, Thriller",13030,2023-04-27,"Franklin Ritch",,
476,tt20225374,2025-01-06,2025-01-06,,"Vesper","Vesper",https://www.imdb.com/title/tt20225374/,Movie,6.0,114,2022,"Adventure, Drama, Sci-Fi, Thriller",26940,2022-09-30,"Kristina Buozyte, Bruno Samper",,
477,tt27491225,2025-01-06,2025-01-06,,"Things Will Be Different","Things Will Be Different",https://www.imdb.com/title/tt27491225/,Movie,5.2,102,2024,"Horror, Sci-Fi, Thriller",3414,2024-10-04,"Michael Felker",,
478,tt8511466,2025-01-06,2025-01-06,,"Aporia","Aporia",https://www.imdb.com/title/tt8511466/,Movie,5.6,104,2023,"Drama, Sci-Fi",2702,2023-09-12,"Jared Moshe",,
479,tt35459966,2025-01-18,2025-01-18,,"Knights of Guinevere","Knights of Guinevere",https://www.imdb.com/title/tt35459966/,TV Series,8.3,,2025,"Animation, Action, Adventure, Comedy, Drama, Fantasy, Horror, Sci-Fi, Thriller",1330,2025-09-20,,,
480,tt0090756,2025-01-19,2025-01-19,,"Blue Velvet","Blue Velvet",https://www.imdb.com/title/tt0090756/,Movie,7.7,120,1986,"Crime, Drama, Mystery, Thriller",243897,1986-10-23,"David Lynch",,
481,tt1020558,2025-02-02,2025-02-02,,"Centurion","Centurion",https://www.imdb.com/title/tt1020558/,Movie,6.3,97,2010,"Action, Drama, History, War",89439,2010-07-30,"Neil Marshall",,
482,tt28015403,2025-02-05,2025-02-05,,"Heretic","Heretic",https://www.imdb.com/title/tt28015403/,Movie,7.0,111,2024,"Horror, Thriller",220687,2024-11-08,"Scott Beck, Bryan Woods",,
483,tt1714014,2025-02-05,2025-02-05,,"Majority","Çogunluk",https://www.imdb.com/title/tt1714014/,Movie,7.4,111,2010,"Drama",6486,2010-10-15,"Seren Yüce",,
484,tt0032138,2025-02-05,2025-02-05,,"The Wizard of Oz","The Wizard of Oz",https://www.imdb.com/title/tt0032138/,Movie,8.1,102,1939,"Adventure, Family, Fantasy, Musical",465624,1939-08-25,"Victor Fleming, George Cukor, Norman Taurog, Richard Thorpe, King Vidor",,
485,tt7459986,2025-02-07,2025-02-07,,"The Widow","The Widow",https://www.imdb.com/title/tt7459986/,TV Series,6.9,60,2019,"Action, Drama, Mystery, Thriller",12077,2019-03-01,,,
486,tt13654226,2025-02-15,2025-02-15,,"The Gorge","The Gorge",https://www.imdb.com/title/tt13654226/,Movie,6.7,127,2025,"Action, Adventure, Horror, Romance, Sci-Fi",166219,2025-02-14,"Scott Derrickson",,
487,tt2209764,2025-02-22,2025-02-22,,"Transcendence","Transcendence",https://www.imdb.com/title/tt2209764/,Movie,6.2,119,2014,"Drama, Sci-Fi, Thriller",246420,2014-04-18,"Wally Pfister",,
488,tt35854736,2025-02-24,2025-02-24,,"Avatar: Seven Havens","Avatar: Seven Havens",https://www.imdb.com/title/tt35854736/,TV Series,,23,,"Animation, Action, Adventure, Family, Fantasy, Mystery",0,,,,
489,tt0887912,2025-03-07,2025-03-07,,"The Hurt Locker","The Hurt Locker",https://www.imdb.com/title/tt0887912/,Movie,7.5,131,2008,"Drama, Thriller, War",494960,2009-07-31,"Kathryn Bigelow",,
490,tt3824458,2025-03-07,2025-03-07,,"Tangerine","Tangerine",https://www.imdb.com/title/tt3824458/,Movie,7.1,88,2015,"Comedy, Crime, Drama",42787,2015-07-10,"Sean Baker",,
491,tt31711040,2025-03-07,2025-03-07,,"Look Back","Rukku Bakku",https://www.imdb.com/title/tt31711040/,Movie,7.8,58,2024,"Animation, Drama",21180,2024-11-07,"Kiyotaka Oshiyama",,
492,tt14961016,2025-03-07,2025-03-07,,"I'm Still Here","Ainda Estou Aqui",https://www.imdb.com/title/tt14961016/,Movie,8.1,137,2024,"Biography, Drama, History",145967,2025-02-07,"Walter Salles",,
493,tt0259711,2025-04-27,2025-04-27,,"Vanilla Sky","Vanilla Sky",https://www.imdb.com/title/tt0259711/,Movie,6.9,136,2001,"Fantasy, Mystery, Romance, Sci-Fi, Thriller",307365,2001-12-14,"Cameron Crowe",,
494,tt0140352,2025-05-08,2025-05-08,,"The Insider","The Insider",https://www.imdb.com/title/tt0140352/,Movie,7.8,157,1999,"Biography, Drama, History, Thriller",191661,1999-11-05,"Michael Mann",,
495,tt0158983,2025-05-11,2025-05-11,,"South Park: Bigger, Longer & Uncut","South Park: Bigger, Longer & Uncut",https://www.imdb.com/title/tt0158983/,Movie,7.7,81,1999,"Animation, Comedy, Fantasy, Musical",224151,1999-06-30,"Trey Parker",,
496,tt1571249,2025-05-11,2025-05-11,,"The Skeleton Twins","The Skeleton Twins",https://www.imdb.com/title/tt1571249/,Movie,6.8,93,2014,"Comedy, Drama, Romance",46755,2014-09-11,"Craig Johnson",,
497,tt28197237,2025-05-15,2025-05-15,,"Suspect: The Shooting of Jean Charles de Menezes","Suspect: The Shooting of Jean Charles de Menezes",https://www.imdb.com/title/tt28197237/,TV Series,7.7,,2025,"Crime, Drama, History",2817,2025-04-30,,,
498,tt31973693,2025-05-15,2025-05-15,,"The Roses","The Roses",https://www.imdb.com/title/tt31973693/,Movie,6.6,105,2025,"Comedy",53700,2025-08-29,"Jay Roach",,
499,tt0985699,2025-05-17,2025-05-17,,"Valkyrie","Valkyrie",https://www.imdb.com/title/tt0985699/,Movie,7.1,121,2008,"Drama, History, Thriller, War",274054,2008-12-25,"Bryan Singer",,
500,tt0056218,2025-05-18,2025-05-18,,"The Manchurian Candidate","The Manchurian Candidate",https://www.imdb.com/title/tt0056218/,Movie,7.9,126,1962,"Drama, Thriller",84459,1962-10-24,"John Frankenheimer",,
501,tt4062536,2025-05-19,2025-05-19,,"Green Room","Green Room",https://www.imdb.com/title/tt4062536/,Movie,7.0,95,2015,"Horror, Thriller",152871,2016-05-13,"Jeremy Saulnier",,
502,tt36415529,2025-05-19,2025-05-19,,"Behemoth!","Behemoth!",https://www.imdb.com/title/tt36415529/,Movie,,,,"Drama",0,,"Tony Gilroy",,
503,tt4954522,2025-06-05,2025-06-05,,"Raw","Grave",https://www.imdb.com/title/tt4954522/,Movie,6.9,99,2016,"Drama, Horror",96084,2017-03-15,"Julia Ducournau",,
504,tt15677150,2025-06-08,2025-06-08,,"Shrinking","Shrinking",https://www.imdb.com/title/tt15677150/,TV Series,8.1,33,2023,"Comedy, Drama",117517,2023-01-27,,,
505,tt0433383,2025-06-09,2025-06-09,,"Good Night, and Good Luck.","Good Night, and Good Luck.",https://www.imdb.com/title/tt0433383/,Movie,7.4,93,2005,"Biography, Drama, History",104979,2005-11-04,"George Clooney",,
506,tt0433722,2025-06-11,2025-06-11,,"Paranoia Agent","Môsô dairinin",https://www.imdb.com/title/tt0433722/,TV Mini Series,7.9,25,2004,"Animation, Drama, Horror, Mystery, Thriller",16541,2005-05-28,,,
507,tt6705140,2025-06-13,2025-06-13,,"National Theatre Live: Hedda Gabler","National Theatre Live: Hedda Gabler",https://www.imdb.com/title/tt6705140/,Movie,7.7,145,2017,"Drama",281,2017-03-09,"Nick Wickham",,
508,tt2140373,2025-06-13,2025-06-13,,"Saving Mr. Banks","Saving Mr. Banks",https://www.imdb.com/title/tt2140373/,Movie,7.5,125,2013,"Biography, Comedy, Drama",175302,2013-12-20,"John Lee Hancock",,
509,tt0110950,2025-06-14,2025-06-14,,"Reality Bites","Reality Bites",https://www.imdb.com/title/tt0110950/,Movie,6.6,99,1994,"Comedy, Drama, Romance",57287,1994-02-18,"Ben Stiller",,
510,tt0942385,2025-06-14,2025-06-14,,"Tropic Thunder","Tropic Thunder",https://www.imdb.com/title/tt0942385/,Movie,7.1,107,2008,"Action, Comedy, War",486802,2008-08-13,"Ben Stiller",,
511,tt0092563,2025-06-14,2025-06-14,,"Angel Heart","Angel Heart",https://www.imdb.com/title/tt0092563/,Movie,7.2,113,1987,"Horror, Mystery, Thriller",103468,1987-03-06,"Alan Parker",,
512,tt2388819,2025-06-14,2025-06-14,,"Yozgat Blues","Yozgat Blues",https://www.imdb.com/title/tt2388819/,Movie,6.8,93,2013,"Comedy, Drama, Music",3716,2013-12-06,"Mahmut Fazil Coskun",,
513,tt6264654,2025-06-15,2025-06-15,,"Free Guy","Free Guy",https://www.imdb.com/title/tt6264654/,Movie,7.1,115,2021,"Action, Adventure, Comedy, Fantasy, Romance, Sci-Fi",484641,2021-08-13,"Shawn Levy",,
514,tt24146896,2025-06-16,2025-06-16,,"Rotting in the Sun","Rotting in the Sun",https://www.imdb.com/title/tt24146896/,Movie,6.8,109,2023,"Comedy, Mystery, Thriller",4851,2023-09-15,"Sebastián Silva",,
515,tt13648224,2025-06-17,2025-06-17,,"We're All Going to the World's Fair","We're All Going to the World's Fair",https://www.imdb.com/title/tt13648224/,Movie,5.4,86,2021,"Drama, Fantasy, Horror, Mystery",8705,2022-04-22,"Valeria Santiago, Jane Schoenbrun",,
516,tt0098635,2025-06-20,2025-06-20,,"When Harry Met Sally...","When Harry Met Sally...",https://www.imdb.com/title/tt0098635/,Movie,7.7,95,1989,"Comedy, Drama, Romance",270851,1989-07-21,"Rob Reiner",,
517,tt1212428,2025-06-22,2025-06-22,,"The Lost City of Z","The Lost City of Z",https://www.imdb.com/title/tt1212428/,Movie,6.6,141,2016,"Adventure, Biography, Drama, History",105400,2017-04-21,"James Gray",,
518,tt1823672,2025-06-23,2025-06-23,,"Chappie","Chappie",https://www.imdb.com/title/tt1823672/,Movie,6.8,120,2015,"Action, Crime, Drama, Sci-Fi, Thriller",283110,2015-03-06,"Neill Blomkamp",,
519,tt32141377,2025-06-25,2025-06-25,,"28 Years Later: The Bone Temple","28 Years Later: The Bone Temple",https://www.imdb.com/title/tt32141377/,Movie,7.4,109,2026,"Horror, Sci-Fi, Thriller",69070,2026-01-16,"Nia DaCosta",,
520,tt0100234,2025-06-28,2025-06-28,,"Close-Up","Nema-ye nazdik",https://www.imdb.com/title/tt0100234/,Movie,8.2,98,1990,"Biography, Crime, Drama",26588,1991-10-30,"Abbas Kiarostami",,
521,tt5073642,2025-07-02,2025-07-02,,"Color Out of Space","Color Out of Space",https://www.imdb.com/title/tt5073642/,Movie,6.1,111,2019,"Horror, Mystery, Sci-Fi, Thriller",64341,2020-02-25,"Richard Stanley",,
522,tt32246771,2025-07-17,2025-07-17,,"Bring Her Back","Bring Her Back",https://www.imdb.com/title/tt32246771/,Movie,7.1,104,2025,"Horror, Mystery",118500,2025-05-30,"Danny Philippou, Michael Philippou",,
523,tt1228987,2025-07-19,2025-07-19,,"Let Me In","Let Me In",https://www.imdb.com/title/tt1228987/,Movie,7.1,116,2010,"Drama, Fantasy, Horror, Mystery, Thriller",132929,2010-10-01,"Matt Reeves",,
524,tt33292655,2025-07-24,2025-07-24,,"Oh, Hi!","Oh, Hi!",https://www.imdb.com/title/tt33292655/,Movie,6.2,95,2025,"Comedy",8646,2025-07-25,"Sophie Brooks",,
525,tt1821641,2025-07-27,2025-07-27,,"The Congress","The Congress",https://www.imdb.com/title/tt1821641/,Movie,6.4,122,2013,"Animation, Drama, Sci-Fi",20723,2014-07-24,"Ari Folman",,
526,tt1534085,2025-07-27,2025-07-27,,"Beyond the Black Rainbow","Beyond the Black Rainbow",https://www.imdb.com/title/tt1534085/,Movie,5.9,110,2010,"Horror, Mystery, Sci-Fi",18241,2011-04-22,"Panos Cosmatos",,
527,tt2884206,2025-07-27,2025-07-27,,"I Origins","I Origins",https://www.imdb.com/title/tt2884206/,Movie,7.3,106,2014,"Drama, Mystery, Romance, Sci-Fi",140588,2014-07-18,"Mike Cahill",,
528,tt0070379,2025-07-30,2025-07-30,,"Mean Streets","Mean Streets",https://www.imdb.com/title/tt0070379/,Movie,7.2,112,1973,"Crime, Drama, Thriller",127631,1973-10-14,"Martin Scorsese",,
529,tt1937149,2025-08-07,2025-08-07,,"The Body","El cuerpo",https://www.imdb.com/title/tt1937149/,Movie,7.6,112,2012,"Crime, Drama, Mystery, Thriller",78766,2012-12-21,"Oriol Paulo",,
530,tt0306047,2025-08-10,2025-08-10,,"Scary Movie 3","Scary Movie 3",https://www.imdb.com/title/tt0306047/,Movie,5.6,84,2003,"Comedy",171001,2003-10-24,"David Zucker",,
531,tt0074119,2025-08-15,2025-08-15,,"All the President's Men","All the President's Men",https://www.imdb.com/title/tt0074119/,Movie,7.9,138,1976,"Drama, History, Thriller",137461,1976-04-09,"Alan J. Pakula",,
532,tt12042730,2025-08-16,2025-08-16,,"Project Hail Mary","Project Hail Mary",https://www.imdb.com/title/tt12042730/,Movie,8.7,156,2026,"Drama, Sci-Fi, Thriller",963,2026-03-20,"Phil Lord, Christopher Miller",,
533,tt0348333,2025-08-17,2025-08-17,,"Waiting...","Waiting...",https://www.imdb.com/title/tt0348333/,Movie,6.7,94,2005,"Comedy",112381,2005-10-07,"Rob McKittrick",,
534,tt0486051,2025-08-18,2025-08-18,,"Wind Chill","Wind Chill",https://www.imdb.com/title/tt0486051/,Movie,5.8,91,2007,"Adventure, Drama, Horror, Thriller",27110,2007-08-03,"Gregory Jacobs",,
535,tt0120885,2025-08-21,2025-08-21,,"Wag the Dog","Wag the Dog",https://www.imdb.com/title/tt0120885/,Movie,7.1,97,1997,"Comedy, Drama",92997,1998-01-09,"Barry Levinson",,
536,tt0209958,2025-08-24,2025-08-24,,"The Cell","The Cell",https://www.imdb.com/title/tt0209958/,Movie,6.4,107,2000,"Crime, Horror, Sci-Fi, Thriller",115598,2000-08-18,"Tarsem Singh",,
537,tt0104040,2025-08-26,2025-08-26,,"The Cutting Edge","The Cutting Edge",https://www.imdb.com/title/tt0104040/,Movie,6.9,101,1992,"Comedy, Drama, Romance, Sport",25045,1992-03-27,"Paul Michael Glaser",,
538,tt33549447,2025-08-27,2025-08-27,,"Anemone","Anemone",https://www.imdb.com/title/tt33549447/,Movie,5.6,125,2025,"Drama",6906,2025-10-03,"Ronan Day-Lewis",,
539,tt26584495,2025-08-27,2025-08-27,,"Companion","Companion",https://www.imdb.com/title/tt26584495/,Movie,6.9,97,2025,"Sci-Fi, Thriller",170744,2025-01-31,"Drew Hancock",,
540,tt1232776,2025-08-30,2025-08-30,,"Fish Tank","Fish Tank",https://www.imdb.com/title/tt1232776/,Movie,7.3,123,2009,"Drama",68163,2009-09-11,"Andrea Arnold",,
541,tt34621966,2025-09-02,2025-09-02,,"Megadoc","MegaDoc",https://www.imdb.com/title/tt34621966/,Movie,6.9,107,2025,"Documentary",675,2025-11-21,"Mike Figgis",,
542,tt32843349,2025-09-03,2025-09-03,,"Sorry, Baby","Sorry, Baby",https://www.imdb.com/title/tt32843349/,Movie,7.1,103,2025,"Comedy, Drama",21855,2025-07-25,"Eva Victor",,
543,tt0087277,2025-09-17,2025-09-17,,"Footloose","Footloose",https://www.imdb.com/title/tt0087277/,Movie,6.6,107,1984,"Drama, Music, Romance",101472,1984-02-17,"Herbert Ross",,
544,tt0096463,2025-09-17,2025-09-17,,"Working Girl","Working Girl",https://www.imdb.com/title/tt0096463/,Movie,6.8,113,1988,"Comedy, Drama, Romance",67521,1988-12-21,"Mike Nichols",,
545,tt0157503,2025-09-17,2025-09-17,,"Drop Dead Gorgeous","Drop Dead Gorgeous",https://www.imdb.com/title/tt0157503/,Movie,6.7,97,1999,"Comedy, Romance, Thriller",45483,1999-07-23,"Michael Patrick Jann",,
546,tt0159365,2025-09-17,2025-09-17,,"Cold Mountain","Cold Mountain",https://www.imdb.com/title/tt0159365/,Movie,7.2,154,2003,"Adventure, Drama, Romance, War",163873,2003-12-25,"Anthony Minghella",,
547,tt0455590,2025-09-17,2025-09-17,,"The Last King of Scotland","The Last King of Scotland",https://www.imdb.com/title/tt0455590/,Movie,7.6,123,2006,"Biography, Drama, History, Thriller",205284,2007-01-19,"Kevin Macdonald",,
548,tt0087985,2025-09-17,2025-09-17,,"Red Dawn","Red Dawn",https://www.imdb.com/title/tt0087985/,Movie,6.4,114,1984,"Action, Drama, Thriller, War",68412,1984-08-10,"John Milius",,
549,tt0083929,2025-10-06,2025-10-06,,"Fast Times at Ridgemont High","Fast Times at Ridgemont High",https://www.imdb.com/title/tt0083929/,Movie,7.1,90,1982,"Comedy, Drama",124289,1982-08-13,"Amy Heckerling",,
550,tt29567402,2025-10-22,2025-10-22,,"Rabbit Trap","Rabbit Trap",https://www.imdb.com/title/tt29567402/,Movie,4.8,88,2025,"Horror, Mystery, Thriller",1954,2025-09-12,"Bryn Chainey",,
551,tt3289956,2025-10-22,2025-10-22,,"The Autopsy of Jane Doe","The Autopsy of Jane Doe",https://www.imdb.com/title/tt3289956/,Movie,6.8,86,2016,"Horror, Mystery, Thriller",163067,2016-12-21,"André Øvredal",,
552,tt28093628,2025-10-27,2025-10-27,,"Common Side Effects","Common Side Effects",https://www.imdb.com/title/tt28093628/,TV Series,8.5,,2024,"Animation, Comedy, Drama, Thriller",19225,2025-02-02,,,
553,tt14999684,2025-10-31,2025-10-31,,"Shelby Oaks","Shelby Oaks",https://www.imdb.com/title/tt14999684/,Movie,5.4,91,2024,"Horror, Thriller",11545,2025-10-24,"Chris Stuckmann",,
554,tt0390022,2025-11-02,2025-11-02,,"Friday Night Lights","Friday Night Lights",https://www.imdb.com/title/tt0390022/,Movie,7.2,118,2004,"Action, Drama, Sport",70574,2004-10-08,"Peter Berg",,
555,tt11539996,2025-11-03,2025-11-03,,"Relay","Relay",https://www.imdb.com/title/tt11539996/,Movie,7.0,112,2024,"Action, Drama, Thriller",32739,2025-08-22,"David Mackenzie",,
556,tt0111549,2025-11-03,2025-11-03,,"Uncovered","Uncovered",https://www.imdb.com/title/tt0111549/,Movie,5.7,103,1994,"Mystery, Thriller",3060,1995-01-05,"Jim McBride",,
557,tt0108162,2025-11-04,2025-11-04,,"Sliver","Sliver",https://www.imdb.com/title/tt0108162/,Movie,5.1,107,1993,"Drama, Thriller",37051,1993-05-21,"Phillip Noyce",,
558,tt9362736,2025-11-04,2025-11-04,,"Die My Love","Die My Love",https://www.imdb.com/title/tt9362736/,Movie,6.1,119,2025,"Drama, Thriller",40426,2025-11-07,"Lynne Ramsay",,
559,tt3721936,2025-11-14,2025-11-14,,"American Honey","American Honey",https://www.imdb.com/title/tt3721936/,Movie,7.0,163,2016,"Adventure, Drama, Romance",49601,2016-10-14,"Andrea Arnold",,
560,tt0082484,2025-11-14,2025-11-14,,"Quest for Fire","La guerre du feu",https://www.imdb.com/title/tt0082484/,Movie,7.3,100,1981,"Adventure, Drama",26286,1982-02-12,"Jean-Jacques Annaud",,
561,tt31938062,2025-11-16,2025-11-16,,"The Pitt","The Pitt",https://www.imdb.com/title/tt31938062/,TV Series,8.9,50,2025,"Drama",123694,2025-01-09,,,
562,tt0435434,2025-11-16,2025-11-16,,"Swing Girls","Suwingu gâruzu",https://www.imdb.com/title/tt0435434/,Movie,7.6,104,2004,"Comedy, Drama, Music",5992,2004-09-11,"Shinobu Yaguchi",,
563,tt0096754,2025-11-20,2025-11-20,,"The Abyss","The Abyss",https://www.imdb.com/title/tt0096754/,Movie,7.5,140,1989,"Adventure, Drama, Mystery, Sci-Fi, Thriller",208450,1989-08-09,"James Cameron",,
564,tt33612209,2025-11-22,2025-11-22,,"The Devil Wears Prada 2","The Devil Wears Prada 2",https://www.imdb.com/title/tt33612209/,Movie,,120,2026,"Comedy, Drama",0,2026-05-01,"David Frankel",,
565,tt26915336,2025-11-23,2025-11-23,,"Mars Express","Mars Express",https://www.imdb.com/title/tt26915336/,Movie,7.5,88,2023,"Animation, Action, Mystery, Sci-Fi, Thriller",14379,2024-05-03,"Jérémie Périn",,
566,tt0208502,2025-11-23,2025-11-23,,"Angel's Egg","Tenshi no tamago",https://www.imdb.com/title/tt0208502/,Video,7.5,71,1985,"Animation, Drama, Fantasy, Mystery, Sci-Fi",16428,2025-12-22,"Mamoru Oshii",,
567,tt0036600,2025-11-23,2025-11-23,,"And the Angels Sing","And the Angels Sing",https://www.imdb.com/title/tt0036600/,Movie,6.3,96,1944,"Comedy, Music, Romance",240,1944-04-25,"George Marshall",,
568,tt0165798,2025-11-25,2025-11-25,,"Ghost Dog: The Way of the Samurai","Ghost Dog: The Way of the Samurai",https://www.imdb.com/title/tt0165798/,Movie,7.5,116,1999,"Crime, Drama",103560,2000-03-24,"Jim Jarmusch",,
569,tt0070723,2025-11-26,2025-11-26,,"Soylent Green","Soylent Green",https://www.imdb.com/title/tt0070723/,Movie,7.0,97,1973,"Crime, Mystery, Sci-Fi, Thriller",74977,1973-05-09,"Richard Fleischer",,
570,tt0485510,2025-11-30,2025-11-30,,"Killing the Shadows","Hacivat Karagöz Neden Öldürüldü?",https://www.imdb.com/title/tt0485510/,Movie,7.5,135,2006,"Comedy, Drama, History",14287,2006-02-17,"Ezel Akay",,
571,tt2379308,2025-12-12,2025-12-12,,"Psycho-Pass","Psycho-Pass",https://www.imdb.com/title/tt2379308/,TV Series,8.1,25,2012,"Animation, Action, Crime, Mystery, Sci-Fi, Thriller",25609,2016-09-15,,,
572,tt31450459,2025-12-19,2025-12-19,,"Digger","Digger",https://www.imdb.com/title/tt31450459/,Movie,,106,2026,"Comedy, Drama",0,2026-10-02,"Alejandro G. Iñárritu",,
573,tt0449467,2025-12-22,2025-12-22,,"Babel","Babel",https://www.imdb.com/title/tt0449467/,Movie,7.4,143,2006,"Drama",328327,2006-11-10,"Alejandro G. Iñárritu",,
574,tt0088196,2025-12-25,2025-12-25,,"Streetwise","Streetwise",https://www.imdb.com/title/tt0088196/,Movie,8.2,91,1984,"Documentary, Drama",3625,1984-10-26,"Martin Bell",,
575,tt15047880,2025-12-25,2025-12-25,,"Disclosure Day","Disclosure Day",https://www.imdb.com/title/tt15047880/,Movie,,,2026,"Drama, Sci-Fi, Thriller",0,2026-06-12,"Steven Spielberg",,
576,tt0168629,2025-12-25,2025-12-25,,"Dancer in the Dark","Dancer in the Dark",https://www.imdb.com/title/tt0168629/,Movie,7.9,135,2000,"Crime, Drama, Musical",123496,2000-10-06,"Lars von Trier",,
577,tt37538716,2025-12-26,2025-12-26,,"El Guapo vs The Narco Vampires","El Guapo vs The Narco Vampires",https://www.imdb.com/title/tt37538716/,TV Movie,8.4,40,2025,"Animation",25,2025-12-30,"Jorge R. Gutiérrez",,
578,tt0149899,2025-12-31,2025-12-31,,"Black Angel Vol. 1","Kuro no tenshi Vol. 1",https://www.imdb.com/title/tt0149899/,Movie,5.9,107,1998,"Action, Crime, Drama, Thriller",984,1998-05-30,"Takashi Ishii",,
579,tt0259484,2025-12-31,2025-12-31,,"Paid in Full","Paid in Full",https://www.imdb.com/title/tt0259484/,Movie,7.0,97,2002,"Action, Crime, Drama",16061,2002-10-25,"Charles Stone III",,
580,tt13623608,2025-12-31,2025-12-31,,"The Curse","The Curse",https://www.imdb.com/title/tt13623608/,TV Mini Series,7.1,60,2023,"Comedy, Drama, Thriller",17111,2023-11-10,,,
581,tt10802170,2025-12-31,2025-12-31,,"The Rehearsal","The Rehearsal",https://www.imdb.com/title/tt10802170/,TV Series,8.5,30,2022,"Documentary, Comedy",36547,2022-07-15,,,
582,tt18382850,2026-01-02,2026-01-02,,"If I Had Legs I'd Kick You","If I Had Legs I'd Kick You",https://www.imdb.com/title/tt18382850/,Movie,6.6,113,2025,"Drama, Thriller",30797,2025-10-10,"Mary Bronstein",,
583,tt11041332,2026-01-05,2026-01-05,,"Yellowjackets","Yellowjackets",https://www.imdb.com/title/tt11041332/,TV Series,7.7,60,2021,"Drama, Horror, Mystery, Thriller",113869,2021-11-14,,,
584,tt0272152,2026-01-06,2026-01-06,,"K-PAX","K-PAX",https://www.imdb.com/title/tt0272152/,Movie,7.4,120,2001,"Drama, Mystery, Sci-Fi",202056,2001-10-26,"Iain Softley",,
585,tt0098213,2026-01-08,2026-01-08,,"Roger & Me","Roger & Me",https://www.imdb.com/title/tt0098213/,Movie,7.5,91,1989,"Documentary",28211,1989-12-20,"Michael Moore",,
586,tt0147612,2026-01-11,2026-01-11,,"Happiness","Happiness",https://www.imdb.com/title/tt0147612/,Movie,7.7,134,1998,"Comedy, Drama",79517,1998-10-16,"Todd Solondz",,
587,tt34272155,2026-01-18,2026-01-18,,"Tomb Raider: The Legend of Lara Croft: No Good Deed","Tomb Raider: The Legend of Lara Croft: No Good Deed",https://www.imdb.com/title/tt34272155/,TV Episode,6.6,24,2025,"Animation, Action, Adventure, Fantasy, Thriller",269,2025-12-11,"Willis Bulliner, Julie Olson, Cassie Urban, Meredith Layne",,
588,tt19783734,2026-01-24,2026-01-24,,"U Are the Universe","Ty - Kosmos",https://www.imdb.com/title/tt19783734/,Movie,7.8,90,2024,"Comedy, Drama, Romance, Sci-Fi, Thriller",4381,2025-11-20,"Pavlo Ostrikov",,
589,tt23149780,2026-01-25,2026-01-25,,"Eden","Eden",https://www.imdb.com/title/tt23149780/,Movie,6.5,129,2024,"Adventure, Drama, History, Thriller",41801,2025-08-22,"Ron Howard",,
590,tt8036976,2026-02-01,2026-02-01,,"Send Help","Send Help",https://www.imdb.com/title/tt8036976/,Movie,7.2,113,2026,"Adventure, Horror, Thriller",34728,2026-01-30,"Sam Raimi",,
591,tt34381460,2026-02-02,2026-02-02,,"96 Minutes","96 Minutes",https://www.imdb.com/title/tt34381460/,Movie,5.8,120,2025,"Action, Crime",1466,2026-01-30,"Tzu-Hsuan Hung",,
592,tt35892608,2026-02-04,2026-02-04,,"Undertone","The Undertone",https://www.imdb.com/title/tt35892608/,Movie,6.3,94,2025,"Horror, Sci-Fi, Thriller",3037,2026-03-13,"Ian Tuason",,
593,tt27714581,2026-02-04,2026-02-04,,"Sentimental Value","Affeksjonsverdi",https://www.imdb.com/title/tt27714581/,Movie,7.8,133,2025,"Drama",63183,2025-08-20,"Joachim Trier",,
594,tt0243558,2026-02-04,2026-02-04,,"Revolutionary Girl Utena: The Adolescence of Utena","Shôjo kakumei Utena: Adolescence mokushiroku",https://www.imdb.com/title/tt0243558/,Movie,7.2,100,1999,"Animation, Action, Adventure, Comedy, Drama, Fantasy, Romance",2029,1999-08-14,"Kunihiko Ikuhara",,
595,tt1670345,2026-02-14,2026-02-14,,"Now You See Me","Now You See Me",https://www.imdb.com/title/tt1670345/,Movie,7.2,115,2013,"Crime, Mystery, Thriller",766894,2013-05-31,"Louis Leterrier",,
596,tt0361140,2026-02-17,2026-02-17,,".hack//SIGN",".hack//SIGN",https://www.imdb.com/title/tt0361140/,TV Series,6.8,25,2002,"Animation, Action, Adventure, Drama, Fantasy, Mystery, Sci-Fi, Thriller",1545,2003-02-01,,,
597,tt32634271,2026-02-21,2026-02-21,,"Dongji Rescue","Dong Ji Dao",https://www.imdb.com/title/tt32634271/,Movie,6.1,133,2025,"Action, Drama, Thriller, War",1295,2025-08-22,"Zhenxiang Fei, Guan Hu",,
598,tt29567915,2026-02-21,2026-02-21,,"Nuremberg","Nuremberg",https://www.imdb.com/title/tt29567915/,Movie,7.4,148,2025,"Biography, Drama, History, Thriller, War",72808,2025-11-07,"James Vanderbilt",,
599,tt36472181,2026-02-23,2026-02-23,,"Salvation","Kurtulus",https://www.imdb.com/title/tt36472181/,Movie,6.9,117,2026,"Drama",365,2026-03-06,"Emin Alper",,
600,tt35522483,2026-02-23,2026-02-23,,"Nirvanna the Band the Show the Movie","Nirvanna the Band the Show the Movie",https://www.imdb.com/title/tt35522483/,Movie,8.4,100,2025,"Adventure, Comedy, Sci-Fi",3138,2025-11-17,"Matt Johnson",,
601,tt1872194,2026-03-04,2026-03-04,,"The Judge","The Judge",https://www.imdb.com/title/tt1872194/,Movie,7.4,141,2014,"Crime, Drama, Mystery, Thriller",218476,2014-10-10,"David Dobkin",,
602,tt7958782,2026-03-04,2026-03-04,,"Proven Innocent","Proven Innocent",https://www.imdb.com/title/tt7958782/,TV Series,6.6,60,2019,"Crime, Drama, Mystery",3254,2019-02-15,,,
603,tt0120804,2026-03-14,2026-03-14,,"Resident Evil","Resident Evil",https://www.imdb.com/title/tt0120804/,Movie,6.6,100,2002,"Action, Horror, Sci-Fi",308727,2002-03-15,"Paul W.S. Anderson",,
